clave_municipio,INGTRHOG_EXP,NUMPERS_EXP,ingpc2015
1001,2371973701,793498,35871.14827258544
1002,50698946,37106,16395.929283673802
1003,71136706,47144,18107.086203970815
1004,17972205,12705,16974.9279811098
1005,292559629,108843,32254.85835561313
1006,80028969,42113,22804.065917887587
1007,71455355,44337,19339.699573719467
1008,11689147,7094,19773.0143783479
1009,25550797,17230,17795.099477655254
1010,22915608,16054,17128.895976080727
1011,98601133,42220,28024.95490288963
2001,1302385116,413221,37821.459683801164
2002,2982986528,841386,42543.895829024965
2003,299147806,90151,39819.56575079588
2004,5193703726,1396114,44641.37220312954
2005,277638567,83088,40098.00216637782
3001,163893670,63034,31201.003268077544
3002,147767163,50740,34946.90492707923
3003,887056064,227693,46750.10987601727
3008,1060375857,263526,48285.59718585643
3009,50340533,15006,40256.323870451815
4001,84001405,49725,20271.832277526395
4002,726526236,258997,33661.83713324864
4003,877854955,212948,49468.69404737307
4004,144170765,80775,21418.126648096564
4005,45707875,25946,21139.848146149696
4006,41646421,34563,14459.307698984463
4007,12270346,7778,18930.850089997428
4008,14543943,9282,18802.770523594052
4009,76624991,47027,19552.595147468477
4010,18342173,14496,15183.918046357616
4011,37066251,28325,15703.266090026478
5001,1432637,772,22268.968911917098
5002,295180117,126794,27936.348754672938
5003,53524329,19110,33610.25368916798
5004,40028563,19563,24553.634718601443
5005,2792451,1431,23416.779874213837
5006,54221946,24069,27033.252399351863
5007,22576114,11129,24343.01087249528
5008,3861331,2258,20520.80248007086
5009,78156069,47189,19874.818877280723
5010,191676040,71544,32149.62093257296
5011,15279274,9876,18565.3390036452
5012,2742571,1370,24022.5197080292
5013,2530427,1286,23612.071539657853
5014,15539713,7791,23934.867924528302
5015,2403267,1242,23219.971014492756
5016,3005528,1464,24635.475409836065
5017,175163636,96635,21751.576882082063
5018,720954076,200827,43079.11243010153
5019,17598388,7115,29681.04792691497
5020,116946071,55190,25427.66537416199
5021,12221260,5533,26505.534068317367
5022,61548556,26016,28389.555350553506
5023,20127329,9312,25937.27963917526
5024,70214350,38246,22030.33519845213
5025,357411367,138920,30873.426461272677
5026,4465311,2468,21711.398703403564
5027,292827180,83902,41881.3158208386
5028,153755398,53352,34582.86054880792
5029,4856130,2058,28315.626822157432
5030,2312458110,707695,39211.097040391694
5031,50149973,19215,31319.264949258388
5032,83360622,33830,29569.242211055276
5033,122567016,85594,17183.4964133
5034,15387420,6029,30626.810416321114
5035,1756927294,600007,35138.135935080754
5036,20518024,16374,15037.027482594358
5037,8579787,5116,20124.59812353401
5038,24285168,10619,27443.451925793386
6001,43365390,24788,20993.411328061964
6002,448147449,129080,41662.29770684847
6003,45102296,19426,27860.987954288066
6004,37825782,17578,25822.58413926499
6005,63612564,26569,28730.880650382023
6006,7847860,4534,20770.69254521394
6007,538319077,158852,40665.707224334605
6008,14700021,6871,25673.155581429193
6009,231589454,113062,24580.08391855796
6010,470810387,126193,44770.5074290967
7001,13946940,13436,12456.332241738613
7002,28779027,23005,15011.881069332754
7003,27352744,23736,13828.485338725986
7004,10548886,12374,10230.049458542104
7005,8511317,10923,9350.526778357595
7006,12298896,15854,9309.117699003407
7007,2525481,6430,4713.183825816485
7008,12318962,14801,9987.67272481589
7009,51787039,33096,18777.026468455402
7010,749503,1055,8525.15260663507
7011,3582652,5418,7934.998892580287
7012,72359853,44005,19732.263061015794
7013,21624955,19679,13186.618222470654
7014,4905424,9536,6172.93288590604
7015,37100904,36214,12293.887667752802
7016,11859786,10562,13474.477561067979
7017,96708289,69886,16605.607246086485
7018,4049613,5844,8315.427104722792
7019,215188101,132452,19495.796303566574
7020,23580624,31390,9014.574323032813
7021,16161089,14893,13021.75975290405
7022,1378320,6241,2650.1906745713827
7023,20282717,43932,5540.21223709369
7024,733948,1758,5009.883959044369
7025,3193815,3855,9941.836575875486
7026,6940321,18323,4545.317469846641
7027,151745826,86167,21132.799238687665
7028,3869068,4249,10926.998352553543
7029,5511573,3122,21184.777706598335
7030,12268231,14473,10171.959649001588
7031,16968411,25925,7854.230742526519
7032,26089076,23880,13110.088442211054
7033,2367828,3973,7151.758368990687
7034,51963805,49441,12612.318925588075
7035,10818991,10293,12613.221801224132
7036,1889260,2254,10058.172138420585
7037,38494702,28266,16342.475907450647
7038,5461119,5969,10978.96264030826
7039,5953868,6880,10384.653488372092
7040,63753933,46243,16544.064961183314
7041,14406121,23815,7259.015410455595
7042,5864640,8711,8078.9438640799
7043,9014540,7758,13943.604021655065
7044,16011057,16477,11660.659343327063
7045,3773022,3942,11485.607305936073
7046,32557225,30831,12671.878953001848
7047,9180549,11741,9383.066859722341
7048,30668119,18218,20200.759029531233
7049,5031034,13594,4441.106958952479
7050,5191712,3963,15720.551097653293
7051,45056812,36326,14884.153058415459
7052,36785839,41154,10726.29800262429
7053,2258418,2548,10636.19152276295
7054,29488205,24941,14187.821659115514
7055,7252734,4683,18584.84048686739
7056,1166322,2246,6231.46215494212
7057,35095682,40430,10416.72480831066
7058,869344,2453,4252.803913575214
7059,94608438,74163,15308.18947453582
7060,3584273,7495,5738.662575050033
7061,98812038,74370,15943.854457442518
7062,17179269,14807,13922.552036199095
7063,2908591,2200,15865.041818181819
7064,6004690,9574,7526.246083141843
7065,107860759,66188,19555.3439898471
7066,4031349,7646,6326.992937483652
7067,4088645,6468,7585.6122448979595
7068,42026895,26245,19215.955039055058
7069,56866404,45046,15148.888869155973
7070,2027014,2552,9531.41379310345
7071,22721792,22642,12042.28884374172
7072,11433428,13635,10062.422882288229
7073,4991565,5027,11915.412771036403
7074,104700814,37424,33572.3003420265
7075,20444483,22377,10963.658935514144
7076,3247445,3737,10427.974310944608
7077,17130374,14485,14191.542147048673
7078,351464854,185506,22735.535497504123
7079,52393155,33848,18574.741786811628
7080,8638416,15464,6703.375064666322
7081,16374975,19196,10236.49197749531
7082,1405642,1624,10386.51724137931
7083,10695844,13717,9357.011591455857
7084,3656152,4947,8868.773802304428
7085,5489151,5514,11945.921653971709
7086,30266138,21768,16684.750826901873
7087,43037458,34406,15010.448642678602
7088,1803038,1841,11752.556219445954
7089,618044758,307956,24083.106339866732
7090,1687259,1771,11432.584980237154
7091,12692526,9991,15244.751476328694
7092,27872506,27760,12048.63371757925
7093,5274600,13326,4749.75236380009
7094,25711653,32345,9539.027237594682
7096,15669054,16572,11346.165097755249
7097,110297664,75586,17510.80845659249
7098,1467123,2364,7447.324873096447
7099,28748069,33140,10409.680989740495
7100,5822085,11292,6187.12539851222
7101,1492898326,532089,33668.76577414681
7102,43226421,33417,15522.549959601401
7103,25230640,25586,11833.333854451652
7104,11301567,11775,11517.52050955414
7105,10462933,12042,10426.440458395615
7106,42660250,48943,10459.575424473367
7107,55763405,61532,10875.005850614314
7108,113136028,84934,15984.556667530083
7109,30321965,24279,14986.76139873965
7110,1767624,2844,7458.32911392405
7111,15875360,27118,7025.013644074046
7112,2154979,9554,2706.693322168725
7113,803613,3403,2833.7807816632385
7114,12770502,11614,13194.93921129671
7115,1519881,1659,10993.714285714286
7116,3947224,4057,11675.298989401035
7117,2427065,4774,6100.708001675744
7118,1263892,2274,6669.614775725594
7119,525963,2825,2234.1791150442477
8001,26642089,10933,29242.20872587579
8002,57437540,20779,33170.53178690024
8003,15567333,7065,26441.32993630573
8004,31766756,14135,26968.593703572693
8005,49095189,19889,29621.5127960179
8006,10467652,4692,26771.488491048593
8007,10582964,7105,17874.112315270937
8008,3293060,2985,13238.432160804019
8009,34333877,17224,23920.490246168138
8011,98120562,42689,27581.970624751106
8013,18120589,9189,23663.84459680052
8014,2490013,1514,19735.902245706737
8015,3105736,1343,27750.433358153387
8016,5186905,2742,22699.80306345733
8017,480552826,141997,40610.95594977359
8018,6418555,3142,24513.89560789306
8019,2654561256,740684,43007.18669770104
8020,7659050,3991,23028.965171636184
8021,353204400,124788,33965.22742571401
8022,2734196,1636,20055.22738386308
8023,7684753,4076,22624.395485770365
8025,13740820,6560,25135.646341463413
8026,3138519,1505,25024.736212624583
8027,37132474,22420,19874.651561106155
8028,6879887,4131,19985.147421931735
8029,26621408,21128,15120.07269973495
8030,9207113,4342,25445.729157070477
8031,63023934,29228,25875.434788558916
8032,252866085,95012,31936.945017471473
8033,538754,394,16408.751269035532
8034,8437423,4703,21528.614926642567
8035,58445644,8358,83913.34386216798
8036,73767520,35656,24826.403410365718
8037,3382211507,1219134,33291.28552234619
8038,8723233,3570,29321.791596638657
8039,5523759,3048,21747.082677165356
8040,46249426,22191,25009.828849533595
8041,1371631,766,21487.69190600522
8042,2628712,1121,28139.646743978592
8043,4129787,2119,23387.184521000472
8044,6116646,3465,21183.18961038961
8045,84227509,36975,27335.49987829615
8046,3254677,2701,14459.875601629024
8047,5113140,2855,21491.306479859893
8048,44799141,16294,32993.10740149748
8049,2705149,1763,18412.81225184345
8050,140845164,53399,31651.191370624918
8051,13624111,5433,30091.907233572616
8052,74758281,22674,39565.112992855255
8053,6662781,3922,20385.867414584394
8054,27266187,6459,50657.10543427776
8055,28582560,13984,24527.368421052633
8056,1321605,880,18021.886363636364
8057,2620203,1403,22410.85958660014
8058,3927888,1943,24258.700977869274
8059,10887485,4097,31889.143275567487
8060,22034370,9051,29213.616175008287
8061,4340760,2134,24409.147141518275
8062,66770082,26343,30415.707550392894
8064,1190813,755,18926.82913907285
8066,3671477,2625,16783.894857142855
8067,5628975,2807,24064.018525115782
9002,1136234413,308457,44203.28589074004
9003,2572588573,497018,62112.56509019794
9004,1458888150,175875,99540.34285714285
9005,3184017593,1015825,37612.98561858588
9006,1263142011,350254,43276.31984788182
9007,4411342588,1609093,32898.10536494783
9008,902263921,219162,49402.57458866044
9009,267086690,127630,25111.966465564525
9010,3093796023,648297,57266.271903155495
9011,816508719,334300,29309.316865091234
9012,2445802784,587904,49922.49314173743
9013,980481034,350945,33525.972468620435
9014,3488532421,350490,119439.61040828555
9015,2688517819,466936,69093.43856117327
9016,2540042809,282164,108024.10551310585
9017,1335368042,380028,42166.410117149266
10001,31751134,20005,19045.918920269934
10002,4055853,2489,19554.132583366816
10003,2650198,2403,13234.446941323346
10004,42200619,26055,19436.09395509499
10005,1457862976,566789,30865.729066725005
10006,6580773,5775,13674.333506493505
10007,566219781,268042,25349.151894106148
10008,37531738,23706,18998.601872943556
10009,11614906,5538,25167.726977248105
10010,3769524,2513,18000.114604058894
10011,4037240,2885,16792.67937608319
10012,249415191,129949,23031.97632917529
10013,27031881,19101,16982.49159729857
10014,9320476,7920,14121.933333333334
10015,11380485,9019,15142.013526998559
10016,21665616,13322,19515.64269629185
10017,10773372,6230,20751.278330658108
10018,15404600,7352,25143.525571273123
10019,2087434,1479,16936.584178498986
10020,10957849,7054,18641.08137227105
10021,8689569,7053,14784.464483198637
10022,22500241,16518,16345.979658554304
10023,50641104,31154,19506.106695769402
10024,13821195,9316,17803.170888793473
10025,2036527,1282,19062.655226209048
10026,21883122,10523,24954.619785232346
10027,3039908,3215,11346.468429237948
10028,12189788,7913,18485.71414128649
10029,1399834,977,17193.457523029683
10030,887785,769,13853.602080624187
10031,4959963,4591,12964.399041603136
10032,67850194,36657,22211.373762173665
10033,4542138,3513,15515.41588385995
10034,10507434,6244,20193.659192825115
10035,10119506,6070,20005.613179571665
10036,24356145,17315,16879.80017326018
10037,9291212,5253,21224.92747001713
10038,27768546,16785,19852.40107238606
10039,36269986,20174,21574.295231486074
11001,104041139,75366,16565.741421861316
11002,129127341,74217,20878.344476332913
11003,284505563,142201,24008.73943221215
11004,91402078,53431,20527.875877299695
11005,163882388,80518,24424.211430984375
11006,3469587,2419,17211.67589913187
11007,1139938431,443110,30871.02789826454
11008,49962236,29310,20455.36786079836
11009,106744324,69347,18471.338168918628
11010,12254940,8207,17918.762032411356
11011,150377144,81822,22054.285253354843
11012,31622401,21349,17774.547379268348
11013,32303888,20616,18803.1944121071
11014,187437189,120109,18726.70880616773
11015,403415426,154283,31377.307363740656
11016,20743477,16191,15374.079673892904
11017,1191876668,511087,27984.51147456304
11018,49066025,31106,18928.576480421783
11019,33677887,27019,14957.424182982346
11020,4408379966,1466019,36084.49794443319
11021,81047470,39959,24339.188668385097
11022,22735724,17173,15887.072031677635
11023,161894676,106020,18324.241765704584
11024,14988842,9443,19047.55946203537
11025,178740887,74226,28896.75644652817
11026,72387484,49701,17477.511679845476
11027,590226851,226197,31312.18456478203
11028,116913599,71235,19694.85769635713
11029,32476022,27376,14235.544418468733
11030,122441292,84342,17420.686063882764
11031,283213179,107249,31688.483323853834
11032,150879850,66952,27042.63054128331
11033,174156022,102594,20370.316626703316
11034,5338511,3740,17128.912299465243
11035,103001277,65533,18860.96049318664
11036,4849479,3437,16931.55309863253
11037,326626733,169386,23139.579398533526
11038,11667925,9501,14736.880328386485
11039,36339883,24397,17874.271262860188
11040,18053802,13482,16069.249666221629
11041,93574554,52295,21472.313758485514
11042,176453709,106073,19962.14407059289
11043,21654273,14124,18397.853016142737
11044,97733330,52490,22343.302724328445
11045,5093598,3438,17778.701570680627
11046,82914238,47245,21059.81280558789
12001,1472952089,707378,24987.24171235181
12002,9349013,11086,10119.804798845391
12003,19381285,19015,12231.155403628714
12004,3456976,3746,11074.13561131874
12005,4755478,4742,12034.10712779418
12006,12006951,5563,25900.307747618193
12007,34260560,20237,20315.59618520532
12008,3675032,4192,10520.129770992366
12009,919703,1089,10134.46831955923
12010,4915517,8788,6712.130632680928
12011,69417521,45623,18258.559323148413
12012,37135801,30074,14817.769900911084
12013,11494812,9107,15146.342813220599
12014,21782879,12321,21215.36790844899
12015,16204952,10634,18286.573631747226
12016,5714642,5244,13076.983981693364
12017,13980331,9309,18021.69642281663
12018,11215594,8633,15589.844549982625
12019,4771742,6598,8678.524401333738
12020,5919711,6834,10394.57594381036
12021,76555017,57535,15966.98016859303
12022,23988774,18274,15752.724526649887
12023,27685175,19641,16914.72430120666
12024,3641799,3557,12286.080404835537
12025,8119404,9317,10457.534399484812
12026,2726412,2909,11246.800962530078
12027,12547407,9857,15275.325555442832
12028,86779938,81514,12775.219667787129
12029,526878986,236289,26757.69008290695
12030,19983985,14508,16529.35070306038
12031,1835754,1630,13514.753374233129
12032,10116986,9687,12532.65531124187
12033,12687062,10502,14496.738145115216
12034,35186334,24922,16942.30029692641
12035,282243814,131949,25668.445899552098
12036,6889312,5693,14521.648340066748
12037,2881057,3621,9547.827671913838
12038,236634387,108398,26196.17192199118
12039,24281333,16088,18111.387120835403
12040,15225137,14440,12652.468421052632
12041,6059381,7541,9642.298368916589
12042,12771356,14010,10939.062955032121
12043,2170439,2283,11408.352168199737
12044,12278743,8174,18026.04795693663
12045,11593531,11937,11654.718270922342
12046,73310628,48424,18167.18024120271
12047,1071354,1109,11592.649233543732
12048,54139450,32773,19823.433924266927
12049,14071016,10660,15839.79287054409
12050,46189769,29331,18897.317786642117
12051,18453646,16047,13799.697887455597
12052,18008648,18569,11637.879045721364
12053,40722570,31601,15463.777728552894
12054,9113450,7447,14685.296092386197
12055,122977067,83183,17740.701874181024
12056,16884916,18080,11206.802654867257
12057,91677588,51083,21536.148151048295
12058,46823256,33302,16872.232058134647
12059,30959571,23571,15761.522718594884
12060,7960730,8992,10623.75
12061,57330011,34261,20079.978167595807
12062,10825238,9192,14132.164490861618
12063,2423469,2120,13717.749056603774
12064,8810662,6422,16463.39831828091
12065,3403506,3685,11083.3302578019
12066,87247629,64003,16358.163648578973
12067,23637161,16129,17586.082956165912
12068,27392525,15984,20564.95870870871
12069,3091556,4447,8342.404317517428
12070,3612400,3494,12406.63995420721
12071,13455556,17443,9256.817749240383
12072,2127894,2261,11293.555064130916
12073,11129503,9293,14371.466264930594
12074,7736370,12245,7581.579420171498
12075,63413005,40597,18744.145133876886
12076,4912603,8254,7142.14150714805
12077,16264268,10725,18197.782377622378
12078,1459114,1839,9521.135399673736
12079,3359659,4548,8864.535620052771
12080,4424399,3956,13420.826086956522
12081,5588635,5487,12222.274466921815
13001,26572156,17248,18487.12152133581
13002,41823485,36386,13793.267190677732
13003,86604553,47189,22023.23922948145
13004,6972982,5444,15370.276267450403
13005,26661072,14498,22067.37922472065
13006,16012409,14262,13472.788388725283
13007,14085734,9465,17858.299841521395
13008,65935307,37797,20933.504881339788
13009,30217873,16930,21418.456940342585
13010,67635646,23588,34408.50228929964
13011,12287120,11928,12361.28772635815
13012,30819660,20653,17907.128262237933
13013,75140956,33112,27231.561729886445
13014,9686289,9925,11711.38216624685
13015,14701077,11471,15379.036178188475
13016,66727183,46775,17118.678695884555
13017,11652890,9714,14395.169857936999
13018,13357043,12837,12486.13507828932
13019,18228839,13291,16458.20991648484
13020,1509822,1636,11074.488997555012
13021,20587090,11850,20847.686075949365
13022,23459418,11765,23928.008159796005
13023,56262715,29841,22624.99849200764
13024,19453599,12725,18345.240707269157
13025,12513073,12434,12076.313012707094
13026,5839195,7127,9831.673916093729
13027,13308047,14170,11270.046859562455
13028,146461822,105866,16601.570513668223
13029,68793274,37490,22019.71960522806
13030,133210480,79584,20086.019300361884
13031,12252652,7979,18427.34979320717
13032,9325455,9580,11681.154488517746
13033,1667525,1462,13686.935704514362
13034,6023727,5486,13176.216551221289
13035,13223112,9468,16759.330798479088
13036,8630979,6835,15153.145281638626
13037,16548669,13592,14610.361094761625
13038,11923464,7449,19208.157873540073
13039,28129433,13317,25347.540437035368
13040,4701529,4624,12201.19982698962
13041,69989622,38350,21900.272855280313
13042,11779721,8008,17651.929570429573
13043,2404602,2761,10451.00470843897
13044,17689766,12426,17083.308546595847
13045,11768484,8026,17595.54049339646
13046,24359224,26480,11038.923262839879
13047,2973394,2341,15241.66082870568
13048,772841898,242385,38261.86759081626
13049,6634699,7149,11136.716743600504
13050,37011042,18973,23408.659885099878
13051,415139942,131638,37843.77842264392
13052,75934158,31981,28492.22650949001
13053,13078791,10285,15259.649197860963
13054,46138073,29374,18848.535303329474
13055,19546723,13450,17439.455464684015
13056,54648568,29413,22295.679325468333
13057,18795016,12563,17952.733582742974
13058,13435956,10110,15947.722255192879
13059,35968216,29303,14729.50182575163
13060,12651465,12000,12651.465
13061,109423964,46908,27992.827833205425
13062,14524524,14648,11898.845439650464
13063,160676799,74796,25778.405101877106
13064,14356957,7836,21986.15160796325
13065,17895958,9416,22807.08326253186
13066,20199723,11091,21855.258858533947
13067,72450193,44976,19330.36099252935
13068,8341644,8130,12312.389667896681
13069,231357323,100554,27609.919804284265
13070,34693453,17670,23560.918845500848
13071,4436847,3273,16267.083409715859
13072,18839131,8961,25228.16337462337
13073,22066493,23687,11179.03981086672
13074,49346360,24710,23964.237960339946
13075,29117479,15212,22969.34972390218
13076,235337141,87724,32192.395376407825
13077,276518803,136974,24225.222567786586
13078,7309809,11403,7692.511444356749
13079,5441090,4503,14499.906728847434
13080,6810078,10722,7621.799664241746
13081,46668203,28233,19835.597917330786
13082,32458015,16882,23071.684634521975
13083,85315919,39818,25711.764227233914
13084,51072079,29662,20661.619176050168
14001,38095497,18393,24854.34480508889
14002,40337203,18085,26765.078020458946
14003,48209482,20256,28560.119668246447
14004,7394287,4338,20454.459197786997
14005,22398313,12278,21891.16761687571
14006,101590295,46708,26100.10148154492
14007,13014045,7529,20742.26856156196
14008,147807261,67098,26434.277206474115
14009,35427268,16699,25458.24396670459
14010,8958090,5641,19056.387165396205
14011,4522843,3298,16456.675560946027
14012,6198509,2843,26163.245867041856
14013,101522446,47782,25496.40768490226
14014,10664468,6320,20248.989873417722
14015,137044248,51377,32009.089203340016
14016,49584563,30247,19671.860217542235
14017,15495364,8852,21005.915951197472
14018,100664906,51520,23446.794875776395
14019,7844223,3605,26111.144521497918
14020,15824345,7862,24153.159501399135
14021,33351594,16578,24141.58089033659
14022,77379409,34774,26702.50497498131
14023,243183878,90982,32074.548108417053
14024,41172830,20946,23587.986250358063
14025,30408344,14349,25430.352498431945
14026,10490999,5173,24336.35955924995
14027,11643254,8160,17122.432352941178
14028,2784340,1511,22112.5612177366
14029,17002955,11151,18297.50336292709
14030,103412575,42372,29287.050410648542
14031,2310302,1751,15833.023415191321
14032,6223126,4562,16369.467777290662
14033,27123880,15425,21101.235656401943
14034,2021595,1213,19999.29101401484
14035,83352784,46722,21408.189033003724
14036,29470867,15237,23209.97597952353
14037,43796189,19231,27328.493994072072
14038,4887218,2377,24672.535128313
14039,4197595180,1267993,39725.094823078674
14040,6616679,5279,15040.755446107218
14041,4690408,3530,15944.729745042494
14042,10123823,5854,20752.62658011616
14043,40334914,19351,25012.607513823576
14044,94506105,45128,25130.14669384861
14045,27942433,13127,25543.474975241865
14046,59533389,30131,23709.82270751054
14047,40267050,21694,22273.651700931136
14048,25914006,14461,21503.912039278057
14049,10246162,5943,20688.868248359413
14050,86628344,39958,26015.819810801342
14051,35643292,16028,26685.768904417273
14052,6869972,4013,20543.150760029905
14053,314618136,147870,25532.005356055994
14054,7502741,3837,23464.397185301015
14055,32079185,17642,21820.10089559007
14056,1558731,831,22508.750902527077
14057,5569194,2981,22418.761489433076
14058,27567168,11431,28939.37678243373
14059,19987402,10879,22046.95505101572
14060,4434597,3213,16562.453781512606
14061,8442578,6228,16267.009633911368
14062,3645957,2025,21605.67111111111
14063,194354869,86002,27118.653380153948
14064,42441126,26414,19281.196032407057
14065,15038864,7965,22657.422222222223
14066,72547685,44155,19716.277205299513
14067,868535974,251914,41372.97525345952
14068,13864018,7363,22595.16718728779
14069,6531716,4290,18270.534265734263
14070,341201046,161608,25335.457106083857
14071,3475640,2099,19870.262029537877
14072,11568006,6472,21448.713226205193
14073,112875179,56363,24031.76104891507
14074,30557948,13944,26297.717728055075
14075,4371546,2639,19878.19325502084
14076,4985765,2273,26321.6805983282
14077,38999571,20428,22909.479733698845
14078,65036502,29422,26525.661885663787
14079,23648488,12458,22779.08620966447
14080,5637394,3084,21935.385214007783
14081,2016508,1708,14167.503512880563
14082,73686315,33766,26187.164011135465
14083,151219939,70399,25776.492109262916
14084,22669640,10614,25629.892594686266
14085,70588090,29775,28448.60050377834
14086,26664415,15960,20048.43233082707
14087,26873413,12439,25924.990433314575
14088,25195867,13341,22663.24893186418
14089,4588206,2938,18740.119809394146
14090,9988475,5290,22658.166351606804
14091,51503298,31960,19337.909136420523
14092,12341266,7885,18781.888649334178
14093,316301331,123621,30703.65044773946
14094,76612933,34922,26325.960597903904
14095,14343422,7608,22623.694006309146
14096,26774535,16364,19634.22268394036
14097,1673443826,495607,40518.64867122539
14098,1643880710,602770,32726.526734907176
14099,9655791,6899,16795.114074503552
14100,57512335,27128,25440.431288705397
14101,1262505173,495549,30572.278575882505
14102,10852884,4890,26632.844171779143
14103,12736146,6396,23895.208255159476
14104,4891823,2886,20340.220374220375
14105,35551837,19184,22238.430150125103
14106,5215252,3255,19226.73548387097
14107,9518785,5276,21650.00379075057
14108,59164241,30652,23162.302361999216
14109,27565355,15168,21808.034018987342
14110,19387336,9898,23504.549605981007
14111,13289517,5853,27246.57508969759
14112,8613915,3870,26709.813953488374
14113,25547073,13208,23210.54482132041
14114,26832894,14845,21690.44984843382
14115,5366274,3169,20320.3811928053
14116,28540660,15298,22387.757876846645
14117,5502495,3133,21075.62719438238
14118,32313336,17381,22309.420171451584
14119,38105089,22662,20177.436589886154
14120,4691369872,1162177,48440.50300771741
14121,55291990,25771,25746.144115478637
14122,6956215,4905,17018.262996941896
14123,25424025,14518,21014.485466317674
14124,130908691,57753,27200.392914653785
14125,28406103,14925,22839.077788944724
15001,59165860,45582,15576.111623009081
15002,286030882,137057,25043.380374588676
15003,58892140,39897,17713.253628092338
15004,12771116,10315,14857.33320407174
15005,259447386,150125,20738.508789342217
15006,20902089,10378,24168.92156484872
15007,23249193,16925,16483.91822747415
15008,20077716,14379,16755.86563738786
15009,85850974,45311,22736.458873121315
15010,55574051,26279,25377.244644012328
15011,104325368,57151,21905.205788175186
15012,22998007,11095,24873.914736367733
15013,1556648559,440570,42399.125469278435
15014,169021802,85874,23619.04213149498
15015,34052605,25385,16097.35119164861
15016,38903730,23219,20106.152719755373
15017,15797403,9022,21011.841720239416
15018,127070878,51204,29779.910475744084
15019,63480546,31674,24050.21632885016
15020,738121842,230226,38472.90099293738
15021,45305686,32547,16704.096598764863
15022,26863910,12993,24810.815054259983
15023,76349681,38612,23728.275458406715
15024,444574359,131849,40462.13705071711
15025,574376760,305647,22550.593069783117
15026,31528082,22953,16483.116978172788
15027,28841123,10818,31992.371602884086
15028,50604926,25535,23781.44162913648
15029,411397425,184097,26816.130083597236
15030,36991483,22977,19319.223397310354
15031,1104988642,605187,21910.357796846263
15032,29216477,24921,14068.364993379077
15033,3468746046,1468734,28340.70195964688
15034,8890061,7058,15114.867101161803
15035,255478516,113818,26935.477622168728
15036,53749099,35113,18368.957024463874
15037,1084308087,191399,67982.05342765636
15038,19560346,10642,22056.394662657396
15039,962940900,434360,26603.026982226722
15040,56085160,30982,21722.99786973081
15041,2901056,2762,12604.153511947863
15042,194384597,129499,18012.61140240465
15043,41669714,26018,19218.870320547314
15044,59422026,25270,28217.82002374357
15045,126216663,74010,20464.801459262264
15046,33236997,16184,24644.337864557587
15047,87604376,58722,17902.191887197303
15048,83536438,54073,18538.59145969338
15049,15044806,12041,14993.577942031392
15050,36350511,22452,19428.386424371995
15051,293492149,132037,26673.627755856316
15052,26682535,19958,16043.211744663795
15053,116631749,51874,26980.39457146162
15054,780703223,193862,48325.29673685405
15055,25702788,11448,26942.125786163524
15056,24413925,21115,13874.833057068434
15057,2392837062,685956,41859.89297272711
15058,2117937418,877884,28950.577771095042
15059,72669191,36235,24065.966386090797
15060,851779505,369110,27691.891468667876
15061,14923174,7869,22757.41364849409
15062,142411075,61998,27564.323042678796
15063,31512045,26491,14274.45321052433
15064,46047074,29171,18942.267594528814
15065,58276057,30653,22813.841516327928
15066,2718564,2094,15579.163323782235
15067,121347472,74656,19505.05872267467
15068,38559169,25056,18467.034961685822
15069,9807873,3587,32811.39559520491
15070,558088198,270801,24730.552605049466
15071,21647875,12480,20815.264423076922
15072,23927611,12201,23533.42611261372
15073,71122684,25321,33706.10197069626
15074,144582026,103036,16838.622539694865
15075,46767422,23167,24224.503129451376
15076,182554106,69363,31582.389343021496
15077,5666421,3930,17302.04885496183
15078,11426535,6549,20937.306459001375
15079,19975620,11292,21228.076514346438
15080,15901794,10938,17445.742183214483
15081,1022285965,395773,30996.130559689518
15082,89032259,50527,21144.87517564866
15083,26183160,11458,27421.707104206667
15084,59744879,33971,21104.428718612937
15085,65285462,48083,16293.191855749434
15086,23956902,20331,14140.122177954847
15087,122419617,86722,16939.593228938447
15088,150142996,86006,20948.723949491898
15089,19257842,10836,21326.5138427464
15090,127259384,77816,19624.660840958157
15091,123424327,61445,24104.352249979656
15092,108936903,50613,25828.202951810803
15093,42860799,24511,20983.623189588347
15094,25130664,17571,17162.823288372885
15095,204107761,82162,29810.534456318004
15096,66411419,31404,25376.927397783722
15097,13786379,12303,13446.846135089003
15098,8219699,4848,20345.789603960395
15099,476540448,192212,29750.928016981252
15100,70419707,36614,23079.600262194792
15101,112657507,69287,19511.453577150114
15102,20836437,12013,20813.88862066095
15103,86591317,41522,25025.186744376475
15104,1978838552,603786,39328.60752650774
15105,25111877,16845,17889.137666963492
15106,2076490533,775570,32128.481498768648
15107,18901225,10019,22638.456931829525
15108,360411198,133623,32366.691183404055
15109,1171766631,461657,30458.10974814635
15110,116493087,56180,24882.82385190459
15111,50379689,38863,15556.088516069269
15112,51813693,34792,17870.89894228558
15113,92975000,59537,18739.60730302165
15114,112365604,77762,17339.92500192896
15115,99452917,47258,25253.607939396505
15116,5874613,3176,22196.270780856423
15117,12042983,8152,17727.649165848874
15118,372203772,168544,26500.173628251374
15119,14085234,12275,13769.678859470469
15120,374848549,176189,25530.439403140947
15121,1564130702,464677,40392.72101696447
15122,662057397,360290,22050.816742068888
15123,16995112,12587,16202.53785651863
15124,73424669,62916,14004.323669654776
15125,17637252,8865,23874.452791878175
16001,11818336,8456,16771.526963103122
16002,16970012,10551,19300.553881148706
16003,20650374,15902,15583.227770091811
16004,12043928,10362,13947.803126809496
16005,10079414,7920,15271.839393939394
16006,229199905,112950,24350.587516600266
16007,3075667,2366,15599.32544378698
16008,12316134,8149,18136.410357099034
16009,48815566,27733,21122.373778530993
16010,27245632,13265,24647.386656615152
16011,14843569,9176,19411.81647776809
16012,81351064,40399,24164.280501992624
16013,7096621,4678,18204.243693886277
16014,25647907,11654,26409.377381156686
16015,22178695,11850,22459.437974683544
16016,12879935,11294,13685.073490348857
16017,27702994,23612,14079.109266474676
16018,7465096,6024,14870.709163346615
16019,26063674,14479,21601.22163132813
16020,29680988,23497,15158.184278844106
16021,11554176,10354,13390.970832528492
16022,24720000,16294,18205.474407757458
16023,12114358,7747,18764.979475926164
16024,20545375,16424,15011.233560642962
16025,44648595,34245,15645.587385019713
16026,3397604,1867,21837.84038564542
16027,2016042,1762,13730.138479001136
16028,4135971,3054,16251.359528487228
16029,12308216,10270,14381.557156767283
16030,46352150,7819,71137.71582043738
16031,10695627,8396,15286.746545974274
16032,16150962,12576,15411.223282442748
16033,29466634,17790,19876.312984822936
16034,145374162,99048,17612.571117034164
16035,34707256,25006,16655.48556346477
16036,13684684,8931,18387.213973799124
16037,4394830,3613,14596.722944921119
16038,44432597,26244,20316.688157293094
16039,9700687,6951,16746.97798877859
16040,18152266,13773,15815.522544108037
16041,14837518,12470,14278.285164394547
16042,17299786,9500,21852.361263157894
16043,138784353,61550,27057.87548334687
16044,9887925,7469,15886.343553353861
16045,52644489,26268,24049.56098675194
16046,13048472,10650,14702.50366197183
16047,17179230,15669,13156.599655370475
16048,5845961,4116,17043.61807580175
16049,14818094,12044,14763.959481899703
16050,95789009,69090,16637.25731654364
16051,26854879,11488,28051.753830083566
16052,469602941,161625,34866.111628770304
16053,1809035139,670842,32359.9620596206
16054,4396498,3295,16011.525341426404
16055,76163190,39348,23227.566331198534
16056,20868237,20642,12131.520395310532
16057,6048718,4183,17352.286875448244
16058,31261587,18036,20799.45908183633
16059,8960661,6144,17501.291015625
16060,10627586,7545,16902.721272365805
16061,20169325,17890,13528.893236444941
16062,20933628,14997,16750.2524504901
16063,10702335,9561,13432.488233448383
16064,33268445,22508,17736.86422605296
16065,41631008,28274,17668.957204498834
16066,128253092,78621,19575.39466554737
16067,10152583,9055,13454.555052457206
16068,47042388,21479,26281.887238698262
16069,189826863,86034,26477.001604017016
16070,22367586,12620,21268.7030110935
16071,67001832,44523,18058.576106731354
16072,14683647,10764,16369.729096989968
16073,33657669,23703,17039.700797367423
16074,11461611,8000,17192.4165
16075,128424345,57681,26717.500390076457
16076,139197324,68672,24323.856710158434
16077,14436657,10898,15896.48412552762
16078,10702224,8460,15180.459574468086
16079,48134032,38812,14882.211274863446
16080,15587034,12501,14962.355651547878
16081,3178813,3928,9711.24134419552
16082,123202688,66239,22319.664487688522
16083,44433520,24514,21750.927633189196
16084,31975589,23466,16351.618000511378
16085,51114360,27248,22510.728126834998
16086,23788154,11665,24471.31144449207
16087,22780965,12347,22140.728922005343
16088,182918596,84420,26001.221890547266
16089,41491607,19830,25108.38547655068
16090,18676270,12208,18358.06356487549
16091,21826676,11617,22546.278040802274
16092,9174900,6615,16643.809523809523
16093,24899472,20744,14403.859622059392
16094,6152157,4249,17374.88444339845
16095,17612700,8877,23808.989523487664
16096,4264527,3452,14824.543453070683
16097,24249711,18032,16137.784605146408
16098,27808902,20019,16669.505170088414
16099,10391474,8027,15534.781113741123
16100,16446687,11516,17137.916290378605
16101,4331975,3848,13509.277546777546
16102,635885024,287926,26502.018879851075
16103,33230769,18764,21251.824131315283
16104,15718490,11081,17022.099088529918
16105,23387769,14381,19515.557193519227
16106,34181740,22382,18326.372978286123
16107,99845462,58365,20528.49385762015
16108,389042826,173505,26907.085743926687
16109,3123334,1950,19220.516923076924
16110,50874367,35737,17082.922573243417
16111,26887834,14768,21848.185807150596
16112,210700271,125282,20181.696109576795
16113,18610665,14950,14938.326421404681
17001,23405776,14219,19753.09881144947
17002,36139554,18266,23742.1793496113
17003,39258808,29734,15844.006726306583
17004,119214616,69158,20685.609647473902
17005,11968182,7843,18311.63891368099
17006,397571609,176056,27098.532898623165
17007,1040272191,308686,40440.014422422784
17008,212505384,89138,28608.05277210617
17009,35349044,16953,25021.44328437445
17010,22981285,14316,19263.440905280804
17011,522134808,194992,32132.691064248793
17012,108706465,49400,26406.428744939272
17013,21380400,12526,20482.58023311512
17014,16035140,8631,22294.250955856794
17015,33186301,21905,18180.12380734992
17016,18911042,14496,15654.836092715232
17017,94541130,55374,20487.838335681005
17018,203145933,100217,24324.727301755192
17019,27303846,20773,15772.693014971357
17020,91106659,40747,26830.930080742142
17021,11298302,6123,22142.679078882902
17022,19146580,17066,13462.964959568733
17023,8702215,6320,16523.193037974685
17024,76645303,42880,21449.245242537312
17025,52238441,27554,22750.282790157507
17026,26930790,15781,20478.390469551992
17027,15581053,9804,19071.056303549572
17028,123499713,60689,24419.52505396365
17029,187142876,90646,24774.55720053836
17030,86207954,48212,21457.219115572887
17031,69621648,30274,27596.61016053379
17032,12267441,7836,18786.280245022972
17033,19533158,13836,16941.1604509974
18001,51771816,29344,21171.680479825518
18002,25537901,12889,23776.461478780355
18003,14785300,8145,21783.130755064456
18004,138089053,63521,26086.94189323216
18005,5368771,5146,12519.481539059463
18006,51750805,24174,25689.15611814346
18007,18047256,12652,17117.220360417326
18008,143980452,50561,34171.89976464073
18009,9805971,9860,11934.24462474645
18010,38719473,25732,18056.6483755635
18011,26215438,17781,17692.21393622406
18012,65568117,36396,21618.23837784372
18013,10011967,5659,21230.5361371267
18014,31135206,17971,20790.299482499584
18015,161038913,79944,24172.75788051636
18016,47967693,29210,19706.00191715166
18017,1080190878,365946,35421.32045711662
18018,45230572,24996,21714.14882381181
18019,5889312,4860,14541.511111111111
18020,404865120,136423,35612.62719629388
19001,5773413,2302,30095.984361424846
19002,2951568,1443,24545.264033264033
19003,1687172,695,29131.027338129497
19004,87988987,28249,37377.175970830824
19005,31430366,15281,24681.918199070744
19006,1837443897,544753,40475.82439013645
19007,12479187,8433,17757.64781216649
19008,6208891,3233,23045.68264769564
19009,233232043,75983,36834.35131542582
19010,84939204,34395,29634.262189271692
19011,14867652,6044,29518.832561217736
19012,98148824,39329,29947.008263622265
19013,23304410,8174,34212.493271348176
19014,29823063,18207,19655.998022738506
19015,2603450,1186,26341.821247892076
19016,4322093,2091,24803.977044476327
19017,34760245,22701,18374.650455927054
19018,632243849,221135,34309.024749587355
19019,949396362,89432,127390.15502281064
19020,11871136,3896,36564.073921971256
19021,1283525041,383846,40126.24982935865
19022,25866798,11006,28202.941668180993
19023,1450474,653,26654.958652373658
19024,4347175,2792,18684.13323782235
19025,138027140,60689,27292.02458435631
19026,2163014537,598919,43338.3720402926
19027,2063559,997,24837.21965897693
19028,3236391,1316,29511.164133738603
19029,10387709,4896,25460.071078431374
19030,3618378,2245,19340.995991091313
19031,813525640,307447,31752.814891672384
19032,8738296,4184,25062.034416826005
19033,124471110,62173,24024.147459508145
19034,12842765,5089,30283.58813126351
19035,1605457,653,29503.038284839204
19036,2815892,2975,11358.219831932773
19037,8099445,3890,24985.434447300773
19038,136110036,50726,32198.88088948468
19039,4156435220,938735,53132.37776369263
19040,1652968,710,27937.48732394366
19041,190826321,78104,29318.803800061458
19042,6141974,3017,24429.46237984753
19043,2268565,1705,15966.439882697947
19044,77166716,29754,31121.885864085503
19045,119839292,48033,29939.2397726563
19046,1481629631,356609,49857.282267132905
19047,32428601,11949,32567.010795882503
19048,997779831,268576,44580.89319969022
19049,125695910,34238,44054.87820550266
19050,2472153,1224,24236.794117647056
19051,6213465,3104,24021.12757731959
20001,83714,119,8441.747899159665
20002,46009778,35113,15724.0149232478
20003,741687,907,9812.837927232635
20004,829720,655,15200.97709923664
20005,22492684,10326,26139.08657757118
20006,23486337,14067,20035.262955854127
20007,666671,721,11095.772538141471
20008,208775,173,14481.502890173411
20009,2050324,2151,11438.348675034867
20010,22566058,9911,27322.43930985773
20011,362493,468,9294.692307692307
20012,6165990,6469,11437.916215798423
20013,2814844,1908,17703.4213836478
20014,55466227,24153,27557.434852813316
20015,661116,1117,7102.410026857654
20016,488084,1028,5697.478599221789
20017,951873,1608,7103.5298507462685
20018,329563,396,9986.757575757576
20019,664372,840,9491.028571428571
20020,2194694,1824,14438.776315789473
20021,19594355,13882,16937.92393026941
20022,239162,250,11479.776
20023,34077091,18439,22177.18379521666
20024,767031,914,10070.42888402626
20025,17004183,9733,20964.779204767285
20026,4968177,4857,12274.680667078443
20027,995930,1186,10076.863406408094
20028,17959166,13818,15596.323056882327
20029,1403064,2452,6866.544861337683
20030,20263597,6940,35037.91988472622
20031,4408345,3188,16593.519447929735
20032,234629,249,11307.421686746988
20033,5273056,2387,26508.869710934225
20034,419619,483,10425.316770186335
20035,1110902,453,29427.867549668874
20036,1071089,990,12982.896969696969
20037,1472916,1500,11783.328
20038,1421400,1412,12079.886685552408
20039,134373973,67578,23861.133445795967
20040,1658296,3810,5222.979527559055
20041,22279353,21658,12344.271677901928
20042,7198366,3697,23364.99648363538
20043,172043877,83416,24749.76651961254
20044,50415985,33559,18027.707023451236
20045,17626098,7367,28710.896701506717
20046,1156926,1314,10565.534246575342
20047,24715,17,17445.882352941175
20048,330203,713,5557.413744740534
20049,1133759,866,15710.28637413395
20050,647825,990,7852.424242424242
20051,1683202,2749,7347.55329210622
20052,5010119,3068,19596.29335071708
20053,1702240,871,23452.215843857633
20054,267331,225,14257.653333333332
20055,1936716,1653,14059.644283121597
20056,618921,659,11270.185128983307
20058,3062299,4968,7396.857487922705
20059,47114254,29502,19163.821029082774
20060,543118,497,13113.513078470824
20061,1229304,1238,11915.709208400647
20062,574124,373,18470.477211796246
20063,7418890,3530,25220.022662889518
20064,4975864,4101,14559.953182150697
20065,289069,307,11299.114006514657
20066,4815285,3456,16719.739583333332
20067,679369745,227546,35827.64337760277
20068,28432755,16797,20312.737988926594
20069,1129260,1421,9536.326530612245
20070,4836342,4155,13967.774729241875
20071,2288380,2182,12585.041246562787
20072,6511976,4594,17009.95037004789
20073,45986740,20031,27549.342519095404
20074,33499,56,7178.357142857143
20075,2800274,1869,17979.28731942215
20076,1014335,900,13524.466666666665
20077,6818041,3435,23818.483842794758
20078,1851822,914,24312.76148796499
20079,209976280,74946,33620.411496277324
20080,590132,660,10729.672727272728
20081,536874,650,9911.52
20082,1256248,1416,10646.169491525423
20083,17961338,8411,25625.497087147785
20084,9559680,3436,33386.54249126892
20085,8757072,9569,10981.802069181733
20086,577776,420,16507.885714285716
20087,5351627,3543,18125.747671464862
20088,527365,627,10093.110047846889
20089,1349521,1183,13689.139475908705
20090,6201925,4339,17152.13182761005
20091,17604082,4835,43691.6202688728
20092,1812920,1026,21203.74269005848
20093,219351,238,11059.714285714286
20094,567377,647,10523.221020092735
20095,2098258,2916,8634.80658436214
20096,770190,470,19664.425531914894
20097,715998,861,9979.066202090593
20098,1191347,1832,7803.582969432314
20099,80837,194,5000.226804123711
20100,232120,216,12895.555555555555
20101,265147,347,9169.34870317003
20102,6393337,3694,20768.826204656198
20103,5259368,3734,16902.093197643277
20104,1091403,1188,11024.272727272728
20105,694767,797,10460.732747804266
20106,81172,91,10704
20107,49425559,21432,27673.88521836506
20108,526861,634,9972.132492113564
20109,990036,876,13562.136986301368
20110,188221,212,10654.018867924528
20111,708344,700,12143.039999999999
20112,1141538,917,14938.338058887677
20113,1196787,1294,11098.488408037094
20114,210980,218,11613.577981651375
20115,20105532,7919,30466.77408763733
20116,913829,1450,7562.72275862069
20117,646073,727,10664.203576341128
20118,1072525,1124,11450.444839857651
20119,96673,155,7484.361290322581
20120,159447,158,12109.898734177215
20121,257333,290,10648.262068965516
20122,268318,322,9999.428571428572
20123,1014725,1224,9948.28431372549
20124,21438587,14162,18165.728286965117
20125,2830683,2385,14242.430188679245
20126,1031051,3007,4114.603259062189
20127,253009,420,7228.828571428572
20128,533688,463,13832.086393088552
20129,268849,210,15362.8
20130,2699408,2603,12444.447176334997
20131,6209851,5604,13297.325481798716
20132,1422990,809,21107.391841779976
20133,689487,736,11241.635869565216
20134,11053763,13295,9977.070778488152
20135,9064398,6072,17913.830039525692
20136,3437669,4090,10086.070415647922
20137,521342,522,11984.87356321839
20138,125003,181,8287.491712707182
20139,245127,462,6366.9350649350645
20141,5670537,5889,11554.838512480896
20142,292680,518,6780.23166023166
20143,9391760,7340,15354.376021798365
20144,231400,277,10024.548736462095
20145,8072421,3257,29741.802886091493
20146,1496938,1522,11802.402102496715
20147,141088,151,11212.291390728478
20148,388724,520,8970.553846153845
20149,1159300,1070,13001.495327102803
20150,20539741,10734,22962.259362772496
20151,43408,93,5601.032258064516
20152,262704,414,7614.608695652174
20153,5586522,3927,17071.113827349123
20154,630962,1000,7571.544
20155,359740,374,11542.459893048128
20156,2004398,1718,14000.451688009314
20157,42872134,14333,35893.78413451475
20158,344027,322,12820.881987577639
20159,1254517,1822,8262.46103183315
20160,1350786,1095,14803.134246575342
20161,1223771,1443,10176.889812889813
20162,1589913,1447,13185.180373185902
20163,978250,1034,11352.998065764023
20164,692508,807,10297.516728624534
20165,566319,765,8883.435294117648
20166,11993020,9633,14939.919028340082
20167,5139752,746,82676.97587131367
20168,498440,506,11820.711462450592
20169,825008,1482,6680.226720647774
20170,299463,521,6897.420345489443
20171,4885177,7372,7951.9972870320125
20172,197509,194,12217.051546391753
20173,277581,235,14174.348936170212
20174,7985581,3329,28785.512766596577
20175,388820,654,7134.311926605504
20176,1380379,1205,13746.51286307054
20177,10512627,7277,17335.64985570977
20178,12970013,5789,26885.49939540508
20179,695497,637,13101.984301412875
20180,2051145,1573,15647.641449459632
20181,211969,187,13602.288770053476
20182,326751,439,8931.69020501139
20183,221368,372,7140.903225806453
20184,259432934,134189,23200.077562244296
20185,7256495,4292,20288.429636533085
20186,129475,157,9896.178343949045
20187,445654,585,9141.620512820513
20188,2887147,3906,8869.883256528417
20189,281152,373,9045.10455764075
20190,14652995,11415,15403.936925098555
20191,343802,210,19645.828571428574
20192,2207058,1109,23881.60144274121
20193,3984305,2058,23232.09912536443
20194,1788156,796,26957.125628140704
20195,285259,219,15630.6301369863
20196,167632,142,14166.084507042255
20197,2923704,2095,16746.75322195704
20198,18843804,17679,12790.635669438318
20199,55816,72,9302.666666666666
20200,1434627,1454,11840.112792297112
20201,817233,1267,7740.17048145225
20202,3254866,3179,12286.376848065429
20203,715372,1093,7854.038426349496
20204,183074,190,11562.56842105263
20205,8811077,5774,18311.90232074818
20206,1577135,1370,13814.32116788321
20207,5485362,7527,8745.096851335195
20208,1896028,1814,12542.632855567805
20209,124115,158,9426.455696202533
20210,578280,789,8795.13307984791
20211,1428677,777,22064.509652509652
20212,152998,233,7879.7253218884125
20213,1201333,1266,11387.042654028437
20214,387161,481,9658.902286902287
20215,678912,434,18771.760368663596
20216,356024,623,6857.605136436597
20217,435204,829,6299.6960193003615
20218,17125,51,4029.411764705883
20219,1445812,1404,12357.367521367521
20220,448473,522,10309.724137931034
20221,788306,669,14140.01793721973
20222,428407,514,10001.719844357976
20223,59558,45,15882.133333333335
20224,480771,326,17697.092024539877
20225,2361912,2768,10239.50289017341
20226,1584816,1447,13142.910850034556
20227,33829900,14276,28436.452787895767
20228,128076,330,4657.3090909090915
20229,843879,1394,7264.381635581061
20230,443275,481,11058.83575883576
20231,282092,572,5918.013986013986
20232,8029388,8833,10908.259481489868
20233,929205,1026,10867.894736842105
20234,1554058,2786,6693.717157214644
20235,1050281,1281,9838.697892271663
20236,338744,476,8539.764705882353
20237,1108849,882,15086.380952380954
20238,490919,449,13120.329621380846
20239,752832,651,13877.087557603689
20240,385171,556,8313.043165467625
20241,701098,655,12844.543511450382
20242,801653,1204,7989.897009966777
20243,1941832,1386,16812.39826839827
20244,2229465,2205,12133.142857142857
20245,417564,466,10752.721030042918
20246,122130,205,7149.073170731707
20247,2514351,1291,23371.19442292796
20248,11011406,11738,11257.18793661612
20249,1967839,2290,10311.820087336244
20250,758528,771,11805.88326848249
20251,177702,370,5763.308108108108
20252,738192,1118,7923.348837209303
20253,850730,850,12010.30588235294
20254,2107692,1882,13439.056323060573
20255,318618,552,6926.478260869564
20256,72377,116,7487.275862068966
20257,242204,391,7433.37084398977
20258,239739,264,10897.227272727272
20259,614070,1149,6413.263707571802
20260,1829427,1445,15192.473356401384
20261,1818412,3397,6423.592581689726
20262,453367,438,12421.013698630137
20263,1474723,1495,11837.241471571906
20264,271965,314,10393.566878980891
20265,3061876,3087,11902.336248785228
20266,6651278,4351,18344.136060675708
20267,134401,105,15360.114285714288
20268,981623,792,14873.07575757576
20269,3277674,2332,16866.246998284732
20270,63708,62,12330.58064516129
20271,261048,384,8157.75
20272,2151389,2323,11113.503228583728
20273,515812,663,9335.963800904978
20274,112093,303,4439.3267326732675
20275,1942352,2534,9198.194159431729
20276,54901,69,9548
20277,3562783,3307,12928.151194436045
20278,21029765,22846,11046.011555633371
20279,2424286,1808,16090.393805309734
20280,1380650,1378,12023.076923076922
20281,175939,184,11474.282608695652
20282,196082,340,6920.541176470589
20283,389083,454,10284.13215859031
20284,1315275,1908,8272.169811320755
20285,3141094,2508,15029.157894736843
20286,1554935,1568,11900.012755102041
20287,98626,112,10567.071428571428
20288,219211,422,6233.488151658768
20289,689017,589,14037.697792869269
20290,316295,393,9657.862595419847
20291,1580901,1378,13766.917271407838
20292,173689,411,5071.211678832116
20293,45238570,14598,37187.48047677764
20294,11098785,5692,23398.703443429375
20295,14117311,7736,21898.620992761116
20296,215735,206,12567.087378640777
20297,323611,455,8534.795604395604
20298,14342431,10398,16552.141950375073
20299,288189,414,8353.304347826086
20300,3918730,3235,14536.247295208654
20301,1280239,929,16536.994617868673
20302,1244103,1651,9042.541490006057
20303,678238,720,11303.966666666667
20304,111989,134,10028.86567164179
20305,7405228,3279,27100.559926806953
20306,1164506,1264,11055.43670886076
20307,9043776,7058,15376.213091527345
20308,4670856,2656,21103.265060240963
20309,4740012,5004,11366.93525179856
20310,12986150,7687,20272.38194354104
20311,70767,113,7515.079646017699
20312,4076904,4671,10473.741811175338
20313,107379,218,5910.770642201835
20314,1226203,990,14863.066666666668
20315,820094,770,12780.685714285715
20316,136408,183,8944.786885245901
20317,693913,814,10229.675675675677
20318,91921362,41670,26471.234557235417
20319,246584,303,9765.70297029703
20320,286123,219,15677.972602739726
20321,104396,168,7456.857142857143
20322,188597,316,7161.911392405063
20323,456635,561,9767.5935828877
20324,60197773,36837,19609.99201889405
20325,4120207,4675,10575.932406417112
20326,680851,1124,7268.871886120996
20327,16875476,12246,16536.478196962275
20328,403501,1073,4512.592730661696
20329,144138,264,6551.727272727273
20330,1583336,1706,11137.181711606096
20331,326385,330,11868.545454545454
20332,149030,172,10397.441860465116
20333,3584098,1732,24832.087759815244
20334,51802091,33677,18458.44617988538
20335,221951,234,11382.102564102564
20336,356670,386,11088.186528497408
20337,2778009,2207,15104.715903942004
20338,25038415,9970,30136.507522567703
20339,4042405,2543,19075.446323240267
20340,531037,602,10585.45514950166
20341,154086,141,13113.702127659573
20342,7952842,2823,33805.91710945802
20343,1435936,1063,16210.001881467546
20344,1377301,1288,12831.996894409938
20345,2136157,1525,16809.10426229508
20346,137566,206,8013.553398058252
20347,1407267,1681,10045.92742415229
20348,5250166,3862,16313.307094769549
20349,1956521,1420,16533.98028169014
20350,55957057,16199,41452.23063152046
20351,951895,993,11503.262839879153
20352,240878,802,3604.1596009975065
20353,855290,729,14078.847736625516
20354,236551,367,7734.637602179837
20355,179831,207,10424.985507246378
20356,1593387,1350,14163.439999999999
20357,264358,255,12440.376470588235
20358,801034,778,12355.280205655527
20359,764947,615,14925.795121951218
20360,3112116,2637,14162.075085324232
20361,156804,136,13835.64705882353
20362,1164765,993,14075.70996978852
20363,2449874,1656,17752.710144927536
20364,15548928,9400,19849.695319148937
20365,228688,258,10636.651162790698
20366,5930032,1164,61134.35051546391
20367,2759425,2686,12328.034251675352
20368,1193316,1112,12877.510791366907
20369,2186174,1350,19432.65777777778
20370,443159,377,14105.85676392573
20371,494939,387,15346.945736434109
20372,690942,613,13525.781402936376
20373,34930,55,7621.09090909091
20374,723394,1160,7483.386206896552
20375,28837313,11745,29463.41047254151
20376,176159,175,12079.474285714285
20377,3335509,3850,10396.391688311687
20378,1944179,2301,10139.134289439375
20379,1077619,1393,9283.150035893756
20380,2119304,1681,15128.880428316477
20381,1286008,1380,11182.678260869565
20382,149551,171,10494.80701754386
20383,211895,248,10252.983870967742
20384,1792963,2556,8417.666666666666
20385,208193639,82839,30158.785934161446
20386,1910342,2033,11275.998032464338
20387,2592780,1992,15619.156626506025
20388,567117,794,8571.037783375315
20389,392867,520,9066.16153846154
20390,135406128,44246,36723.625548072145
20391,987570,1166,10163.670668953688
20392,921228,1013,10912.868706811452
20393,2985133,2417,14820.68514687629
20394,987200,1317,8994.98861047836
20395,304190,288,12674.583333333334
20396,802198,1683,5719.77183600713
20397,57510494,29717,23223.270451256856
20398,3271888,2506,15667.46049481245
20399,69667218,29966,27898.505506240406
20400,1318669,1192,13275.191275167786
20401,35274200,18696,22640.69319640565
20402,801502,630,15266.70476190476
20403,5941623,2677,26634.096376540903
20404,644656,520,14876.676923076922
20405,1264644,1145,13253.910917030567
20406,5523857,9696,6836.456683168317
20408,375493,320,14080.987500000001
20409,24880996,7986,37386.92111194591
20410,726917,600,14538.34
20411,1017277,608,20077.83552631579
20412,1101478,1066,12399.377110694182
20413,105412537,40396,31313.75492623032
20414,8574005,6871,14974.248289914132
20415,1919718,1684,13679.700712589074
20416,88845,121,8811.07438016529
20417,5194969,5268,11833.642369020501
20418,18475754,10028,22108.99960111687
20419,164445,144,13703.75
20420,660278,669,11843.551569506726
20421,5448373,3120,20955.28076923077
20422,321923,392,9854.785714285714
20423,158251,167,11371.329341317365
20424,969827,1267,9185.417521704814
20425,247591,221,13443.855203619909
20426,1061223,1541,8263.903958468527
20428,176087,251,8418.501992031874
20429,199544,292,8200.438356164383
20430,83262,129,7745.302325581395
20431,1439398,1340,12890.131343283581
20432,179060,127,16919.055118110235
20433,1125044,1328,10166.060240963856
20434,837765,1437,6995.949895615866
20435,2015628,2173,11130.94155545329
20436,61569,111,6656.108108108107
20437,5784410,4554,15242.187088274044
20438,203511,306,7980.823529411766
20439,19622577,14823,15885.510625379477
20440,204292,163,15039.901840490798
20441,10968613,7167,18365.19547928003
20442,58086,73,9548.383561643835
20443,109776,165,7983.70909090909
20444,71978,164,5266.682926829268
20445,163250,190,10310.526315789473
20446,612957,859,8562.845168800932
20447,6086356,5262,13879.945267958952
20448,16643,54,3698.4444444444443
20449,1290507,1095,14142.542465753424
20450,2322161,1964,14188.356415478616
20451,37704,28,16158.857142857145
20452,2046441,2291,10719.027498908774
20453,3321805,2475,16105.721212121212
20454,1062376,1563,8156.437619961613
20455,836651,1167,8603.095115681233
20456,1368278,1085,15133.028571428571
20457,199899,178,13476.337078651684
20458,309636,326,11397.644171779142
20459,2880399,2178,15869.96694214876
20460,1029394,1267,9749.588003157063
20461,47571,50,11417.039999999999
20462,4566887,3078,17804.627680311893
20463,97808,140,8383.542857142857
20464,144534,145,11961.434482758621
20465,450435,543,9954.364640883978
20466,1330943,1934,8258.177869700103
20467,19105621,13140,17448.055707762556
20468,2660696,4182,7634.708751793401
20469,18843135,14782,15296.821810309837
20470,2200939,1882,14033.6174282678
20471,217470,151,17282.384105960264
20472,4296816,2300,22418.17043478261
20473,234758,302,9328.132450331126
20474,2852974,1954,17520.822927328558
20475,7110934,6603,12923.09677419355
20476,346204,304,13665.947368421053
20477,388533,249,18724.481927710844
20478,604487,740,9802.491891891892
20479,41054,89,5535.3707865168535
20480,250569,333,9029.513513513513
20481,137814,131,12624.18320610687
20482,75418911,42702,21194.01742307152
20483,15189889,8933,20405.08989141386
20484,1833499,2099,10482.12863268223
20485,780949,826,11345.506053268766
20486,1810812,1578,13770.433460076047
20487,1654651,1110,17888.118918918917
20488,39330,49,9631.836734693878
20489,1334301,1299,12326.106235565821
20490,338159,787,5156.172808132147
20491,373477,625,7170.758400000001
20492,894951,961,11175.246618106139
20493,481402,342,16891.298245614034
20494,490579,896,6570.254464285715
20495,724811,872,9974.463302752294
20496,1711313,1201,17098.880932556203
20497,2876481,3071,11239.912732009117
20498,4277646,4261,12046.879136352969
20499,2898797,1627,21380.18684695759
20500,3521935,3192,13240.357142857141
20501,482971,481,12049.172557172558
20502,1968712,2660,8881.407518796992
20503,92369,69,16064.173913043476
20504,924526,748,14831.967914438503
20505,11293487,5360,25283.926119402982
20506,325831,305,12819.580327868853
20507,1674611,1543,13023.54633830201
20508,2153979,1088,23757.121323529413
20509,3487632,3423,12226.58019281332
20510,327524,259,15174.857142857145
20511,543644,1053,6195.373219373219
20512,225862,246,11017.658536585366
20513,7132833,6305,13575.574306106266
20514,170163,275,7425.294545454545
20515,100099141,52476,22890.26777955637
20516,1966719,2216,10650.102888086643
20517,1389670,1238,13470.145395799678
20518,76988,63,14664.380952380952
20519,4129946,2438,20327.872026251025
20520,5716152,4662,14713.38996138996
20521,47936,58,9917.793103448275
20522,288813,410,8453.063414634145
20523,1454711,932,18730.184549356225
20524,25399,46,6625.826086956522
20525,10764462,8830,14628.940430351075
20526,16235943,13041,14939.906142167012
20527,527239,543,11651.690607734807
20528,283803,273,12474.857142857145
20529,69740,280,2988.857142857143
20530,2950757,2813,12587.658727337363
20531,3680019,2427,18195.396786155747
20532,575038,764,9032.010471204188
20533,2149278,1470,17545.126530612244
20534,917734,1389,7928.587473002159
20535,514634,647,9544.989180834622
20536,192021,205,11240.253658536585
20537,4011083,3356,14342.370679380216
20538,437828,426,12333.183098591548
20539,9959094,5047,23679.24073707153
20540,11677492,6303,22232.255116611137
20541,919937,1067,10346.05810684161
20542,437795,448,11726.651785714286
20543,1536005,1263,14593.871733966746
20544,682408,663,12351.276018099548
20545,13187226,7702,20546.1843676967
20546,5980464,4893,14666.987124463518
20547,420509,384,13140.90625
20548,1191479,1008,14184.27380952381
20549,5058094,5028,12071.82338902148
20550,7367645,4592,19253.42770034843
20551,39211165,18474,25470.064956154594
20552,172406,198,10448.848484848486
20553,20059804,8857,27178.23732640849
20554,1280855,1351,11376.950407105847
20555,2412975,1711,16923.261250730568
20556,130484,117,13382.97435897436
20557,24517429,11896,24731.771015467384
20558,998218,1014,11813.23076923077
20559,11882531,9276,15371.96765847348
20560,4353934,4611,11330.992843201042
20561,1067013,1169,10953.084687767321
20562,1404079,1136,14831.820422535211
20563,545378,597,10962.371859296481
20564,222096,762,3497.5748031496064
20565,80178647,38015,25309.582112324082
20566,406331,521,9358.871401151631
20567,1029102,1578,7825.870722433459
20568,832272,899,11109.303670745272
20569,428010,518,9915.289575289575
20570,23950550,14659,19606.153216454055
21001,66365685,52241,15244.505656476715
21002,9142497,7378,14869.878557874763
21003,42027576,27836,18117.93763471763
21004,63239147,51292,14795.090150510801
21005,1787649,2783,7708.1523535752785
21006,9581915,10553,10895.76234246186
21007,1048781,1729,7278.989010989011
21008,12439573,8858,16851.984195077894
21009,1006074,1009,11965.201189296333
21010,58986183,56048,12629.071438766772
21011,763452,877,10446.321550741162
21012,4019015,4069,11852.587859424919
21013,26334991,20119,15707.53476812963
21014,2668925,3302,9699.30345245306
21015,178639691,103028,20806.734984664363
21016,5449429,5605,11666.930954504907
21017,21481084,20640,12489.002325581394
21018,2091893,2292,10952.319371727748
21019,208513811,109050,22945.123631361763
21020,7131409,6361,13453.373368967144
21021,1258743,1086,13908.762430939227
21022,4911299,6334,9304.639722134512
21023,3744916,6028,7455.041804910418
21024,671949,511,15779.624266144814
21025,9056408,6348,17119.863894139886
21026,10412142,9752,12812.315832649712
21027,1314536,1893,8333.03328050713
21028,1231424,1986,7440.628398791541
21029,2353068,2353,12000.346791330216
21030,385591,457,10124.927789934354
21031,1679617,2092,9634.514340344169
21032,404087,414,11712.666666666666
21033,2680593,3213,10011.551820728291
21034,60356795,34319,21104.3894052857
21035,18251306,14333,15280.518523686596
21036,2433556,4677,6243.8896728672225
21037,1980104,1416,16780.542372881355
21038,12161139,9246,15783.43802725503
21039,5594092,6781,9899.587671434892
21040,12919451,8756,17705.96299680219
21041,287917588,101496,34040.85930480019
21042,1167188,1235,11341.097975708502
21043,34737306,33936,12283.347241867044
21044,11471654,11320,12160.763957597173
21045,51676658,39193,15822.210496772383
21046,8062427,6748,14337.451689389447
21047,20740386,14490,17176.303105590065
21048,18561989,16655,13373.993875713
21049,7007844,8678,9690.496427748329
21050,9125018,11199,9777.678006964907
21051,33638605,26154,15434.092681807753
21052,464174,819,6801.08424908425
21053,55806495,43911,15250.801393728223
21054,38534019,30290,15266.035919445363
21055,2128091,2148,11888.77653631285
21056,692335,661,12568.865355521935
21057,4768292,5232,10936.449541284403
21058,8176877,10576,9277.848335854766
21059,1834856,1344,16382.642857142857
21060,6754169,5489,14765.900528329385
21061,3239236,5500,7067.424
21062,4381710,3906,13461.47465437788
21063,12169197,10777,13550.18687946553
21064,11289607,10447,12967.864841581315
21065,18324743,14675,14984.457649063033
21066,2243271,2698,9977.484062268348
21067,13526674,12730,12750.988845247448
21068,3340515,4911,8162.529016493587
21069,14788901,15498,11450.949283778551
21070,3205239,4443,8656.958811613775
21071,138920808,83388,19991.48193984746
21072,6242781,8966,8355.272362257416
21073,5573846,5612,11918.416250890949
21074,110453678,64177,20652.94632033283
21075,9212611,9972,11086.174488567991
21076,23577893,20915,13527.837245995697
21077,1499581,2197,8190.701866181156
21078,8289037,12261,8112.5882065084425
21079,6122295,4423,16610.341397241693
21080,798584,1307,7332.064269319051
21081,1005938,1284,9401.28971962617
21082,9937884,6888,17313.38675958188
21083,9174894,11716,9397.296688289518
21084,3154950,4535,8348.269018743109
21085,104278090,64328,19452.44807859719
21086,6857689,7280,11303.882967032967
21087,5309499,7196,8854.083935519733
21088,2562801,2590,11873.981467181467
21089,6416252,7658,10054.19482893706
21090,31157262,18651,20046.49316390542
21091,12192601,7909,18499.33139461373
21092,2549887,3015,10148.803980099503
21093,4281465,5496,9348.176855895197
21094,35199137,27907,15135.61629698642
21095,303576,322,11313.391304347826
21096,2683971,2146,15008.225535880707
21097,2454934,1924,15311.43866943867
21098,3866764,4014,11559.832585949178
21099,12923151,13261,11694.27735464897
21100,5481140,7376,8917.255965292841
21101,2050591,2222,11074.298829882988
21102,12031386,10548,13687.583617747441
21103,5803855,5315,13103.717779868297
21104,37694934,23927,18904.969615915074
21105,3014214,3345,10813.323766816144
21106,30941030,23977,15485.355132001501
21107,4814438,6380,9055.369278996865
21108,18449599,14873,14885.711557856519
21109,14714033,16970,10404.7375368297
21110,36520152,37312,11745.331903945113
21111,10238909,10220,12022.202348336596
21112,4846590,5698,10206.928746928746
21113,3143063,2618,14406.70588235294
21114,3957294200,1414004,33583.73130486194
21115,45528273,40451,13506.199500630391
21116,8718440,12476,8385.803142032702
21117,21668436,11756,22118.172167403878
21118,26418625,23800,13320.31512605042
21119,811505718,109437,88983.32936758135
21120,3892680,4362,10708.88583218707
21121,372576,579,7721.78238341969
21122,11483179,9023,15271.8772027042
21123,1591195,2255,8467.556541019956
21124,18060959,14607,14837.509960977615
21125,18541318,8057,27615.218567705102
21126,4799632,4940,11659.025101214575
21127,1565774,1625,11562.638769230769
21128,9851236,6776,17446.108618654074
21129,9838598,11301,10447.144146535706
21130,1952674,2083,11249.202112337975
21131,565085,737,9200.841248303936
21132,241634777,136935,21175.136553839413
21133,637803,537,14252.581005586591
21134,21909571,17422,15090.968430719779
21135,153606,232,7945.137931034482
21136,21863993,11310,23197.87055702918
21137,7804807,7783,12033.622510600026
21139,2376830,2249,12682.063139172966
21140,265038508,118974,26732.412930556253
21141,2328061,2220,12584.113513513512
21142,31328601,24357,15434.709200640475
21143,39931249,28003,17111.55904724494
21144,18395712,13663,16156.667203396033
21145,3714836,6840,6517.256140350877
21146,393710,501,9430.179640718563
21147,2894670,3342,10393.788150807899
21148,9293149,7761,14368.997294163124
21149,33143789,23792,16716.773201075994
21150,3412519,4127,9922.517082626606
21151,8853308,7319,14515.60267796147
21152,8038828,7132,13525.790241166573
21153,27569780,18962,17447.387406391732
21154,108089681,65972,19661.01030740314
21155,4440545,2765,19271.804701627487
21156,588114614,297696,23706.651644630765
21157,7863568,6642,14206.988256549233
21158,4277847,4320,11882.908333333333
21159,1568146,2702,6964.37897853442
21160,1873610,1927,11667.524649714582
21161,21830900,18051,14512.81369453216
21162,1992405,2619,9129.003436426116
21163,25734495,15688,19684.723355430902
21164,99258789,70791,16825.662414713734
21165,129158,215,7208.818604651164
21166,7756479,6761,13766.861115219643
21167,5323270,8033,7952.102576870409
21168,5537471,5264,12623.414133738603
21169,17778295,13697,15575.639921150616
21170,12908526,12092,12810.313595765796
21171,4627033,3150,17626.792380952378
21172,18178466,17766,12278.599121918272
21173,9359076,4794,23426.973717146433
21174,163232769,89262,21944.312563016738
21175,11887548,10824,13179.099778270509
21176,9141344,7044,15572.98807495741
21177,40777394,40609,12049.760594942009
21178,7195143,9228,9356.492847854355
21179,18280775,19382,11318.197296460632
21180,41453049,32991,15077.948167682096
21181,7566178,5752,15784.794158553545
21182,5289601,4640,13680.002586206898
21183,9843386,13155,8979.143443557583
21184,3070415,3552,10373.02364864865
21185,6382863,6229,12296.412907368758
21186,48583554,37443,15570.404294527681
21187,3615775,3888,11159.79938271605
21188,9390957,12485,9026.150100120145
21189,21291341,16420,15560.05432399513
21190,580826,648,10756.037037037036
21191,9434470,6505,17404.095311299003
21192,4122976,3780,13088.812698412698
21193,4861373,4954,11775.631005248284
21194,31301921,21224,17698.03298153034
21195,9789689,13133,8945.120536054215
21196,1181152,924,15339.636363636364
21197,98585430,68590,17247.77897652719
21198,434542,501,10408.191616766468
21199,38667727,34880,13303.117087155963
21200,1864679,1969,11364.219400711021
21201,1836618,2207,9986.14227458088
21202,5885637,8169,8645.812706573633
21203,3231603,3865,10033.437516170763
21204,8206051,6689,14721.574525340111
21205,24997908,19881,15088.521502942509
21206,2654117,2663,11959.971460758543
21207,53154824,42869,14879.234131890176
21208,105597791,67345,18816.14807335363
21209,6775073,5988,13577.300601202405
21210,3369492,3330,12142.313513513513
21211,20377819,12595,19415.151091703057
21212,10962796,12809,10270.399875087829
21213,8441052,9721,10419.979837465282
21214,18578855,15542,14344.760005147344
21215,2494457,3118,9600.219371391919
21216,1098436,1386,9510.268398268398
21217,4939245,10330,5737.74830590513
22001,63816089,46734,16386.20849916549
22002,16635436,13120,15215.337804878049
22003,13042211,8118,19278.951958610494
22004,97219330,58332,19999.862168278134
22005,107355718,56729,22709.171957905128
22006,680845492,142391,57378.24654648117
22007,70991607,36135,23575.46102117061
22008,61071667,30241,24233.98710360107
22009,43654295,18464,28371.508882149043
22010,13341912,9819,16305.42254812099
22011,412067792,140583,35173.62343953394
22012,128735196,61902,24955.93602791509
22013,22618936,15298,17742.661262910184
22014,2857892834,756019,45362.23826120772
22015,13190150,6943,22797.321042776897
22016,588990000,230439,30671.3707315168
22017,122901239,61271,24070.357395831634
22018,42923762,24473,21047.078167776734
23001,219702561,78492,33588.527900932575
23002,80428510,55141,17503.166790591393
23003,49652017,17861,33358.949890823584
23004,494592260,189347,31345.134171653102
23005,2262031929,657826,41263.77362402824
23006,33236883,26568,15012.142276422765
23007,31528968,21293,17768.638331846145
23008,724439289,191874,45307.18840489071
23009,89322710,29413,36442.13511032537
23010,38180202,25398,18039.311126860383
24001,14256750,13375,12791.102803738318
24002,3029722,3092,11758.300129366105
24003,21465566,28988,8885.980129708845
24004,3085103,2627,14092.590787971068
24005,22793051,13780,19848.810740203193
24006,7819681,6503,14429.674304167307
24007,20930651,14250,17625.81136842105
24008,24993403,15019,19969.427791464143
24009,10442375,4094,30607.84074255007
24010,22020090,16318,16193.227111165583
24011,64778792,36722,21168.386907031207
24012,13671764,13782,11904.017414018286
24013,327348241,152442,25768.350533317585
24014,7056254,9434,8975.519185923256
24015,25772543,16492,18752.759883579914
24016,55120121,34002,19453.016057878947
24017,13409173,13505,11914.851980747871
24018,12084526,11046,13128.219445953288
24019,2755892,2510,13175.579282868526
24020,174533202,85186,24586.181109571993
24021,75256698,48430,18647.12731777824
24022,10356520,10109,12293.821347314275
24023,12490944,9160,16363.68209606987
24024,144293615,73040,23706.508488499454
24025,23995170,20021,14382.00089905599
24026,3549507,5640,7552.142553191488
24027,9268708,6486,17148.395929694725
24028,2486006376,745194,40032.63111619256
24029,11886030,15074,9462.144089160143
24030,2574914,2228,13868.477558348295
24031,3658937,4728,9286.642131979695
24032,39832202,29295,16316.314183307732
24033,4763477,4330,13201.32193995381
24034,14014000,11534,14580.19767643489
24035,773094008,285417,32503.768507131666
24036,32399614,22522,17262.91483882426
24037,71735558,58354,14751.802721321588
24038,11425612,11264,12172.171875
24039,12509804,11570,12974.731892826274
24040,56480651,31719,21367.88082852549
24041,9209018,12643,8740.664082891719
24042,17626030,12548,16856.260758686643
24043,7950489,6650,14346.747067669172
24044,4582610,4967,11071.334809744312
24045,12456464,9784,15277.756336876533
24046,19629748,14639,16091.056492929845
24047,5227527,5265,11914.591452991453
24048,8114224,4399,22134.732439190724
24049,13339946,14781,10830.075908260606
24050,58856827,40597,17397.392024041183
24051,14949630,9938,18051.47514590461
24052,6144428,5611,13140.819105328817
24053,28041300,26364,12763.450159308148
24054,27852317,26677,12528.6877834839
24055,36798652,22578,19558.14615997874
24056,13561114,10676,15242.91569876358
24057,19712198,20128,11752.10532591415
24058,29588414,17851,19890.25645622094
25001,995983353,394558,30291.618053619495
25002,134050379,37613,42767.249302102995
25003,20533525,13499,18253.374324024
25004,35766227,19664,21826.42005695688
25005,16244120,9374,20794.69170044805
25006,2672049139,785165,40838.027252870415
25007,32117898,18496,20837.736591695502
25008,96833044,46929,24760.734897398197
25009,102184249,50416,24321.86186924786
25010,130495974,83401,18776.1740027098
25011,479614537,248264,23182.476895562788
25012,1319508196,445082,35575.687967610465
25013,50852323,30742,19849.973196278705
25014,86151076,42837,24133.64409272358
25015,152239600,64648,28258.80460339067
25016,27740973,15620,21311.887067861717
25017,84220992,62042,16289.802134038231
25018,282704054,137524,24668.04810796661
26001,7763371,2225,41869.86606741573
26002,187297536,72552,30978.75223288124
26003,33806977,18495,21934.778264395783
26004,17330900,8146,25530.41983795728
26005,2033829,746,32715.74798927614
26006,4051375,1844,26364.696312364424
26007,796520,426,22437.183098591548
26008,1068051,630,20343.82857142857
26009,1479774,541,32823.083179297595
26010,1367552,728,22542.065934065933
26011,2475201,1117,26591.237242614145
26012,32716009,18978,20686.695542206766
26013,3733092,1244,36010.53376205788
26014,6060163,2569,28307.495523550024
26015,2131879,1006,25429.968190854866
26016,9606968,4044,28507.323442136498
26017,218664539,75595,34710.95268205569
26018,1064160673,378283,33757.60495713527
26019,108647820,31997,40746.75250804763
26020,9517026,4300,26559.142325581393
26021,5434692,1758,37096.87372013652
26022,2310102,766,36189.58746736293
26023,11571562,4731,29350.82308180089
26024,947750,494,23022.267206477733
26025,128251052,47368,32490.555311602773
26026,79735935,52030,18389.990774553145
26027,17323112,7154,29057.49846239866
26028,2099182,846,29775.63120567376
26029,392779465,135707,34731.83829868762
26030,3286760310,796178,49538.072792767445
26031,1719909,915,22556.183606557377
26032,1646851,707,27952.20933521924
26033,111263387,65649,20337.86720285153
26034,1503197,576,31316.604166666664
26035,26406142,11094,28562.619794483504
26036,83896430,27160,37067.64212076583
26037,3657147,1074,40861.977653631286
26038,11737499,3930,35839.691603053434
26039,12704463,5023,30351.096157674696
26040,1954345,1087,21575.10579576817
26041,30746108,10943,33715.91848670383
26042,342129372,142383,28834.569183118772
26043,672653290,209702,38491.95277107514
26044,1061651,378,33703.206349206346
26045,4889013,2258,25982.354295837024
26046,491454,250,23589.792
26047,23873160,8063,35529.9417090413
26048,147029245,53933,32713.75484397308
26049,3009803,2104,17166.17680608365
26050,2585073,1130,27452.102654867253
26051,7312543,3597,24395.472894078397
26052,10033227,4106,29322.63127131028
26053,722509,290,29896.924137931037
26054,2035335,501,48750.53892215569
26055,514522117,160459,38478.77279554279
26056,15874453,7983,23862.387072529124
26057,2603503,1050,29754.32
26058,39312969,13978,33749.866075261125
26059,3280160,1400,28115.65714285714
26060,2786473,1368,24442.745614035088
26061,3444200,1147,36033.478639930254
26062,2107457,956,26453.435146443517
26063,1889274,907,24995.907386990075
26064,2862179,1294,26542.618238021638
26065,1459233,884,19808.592760180996
26066,21848822,7395,35454.47789046653
26067,2434008,862,33884.102088167056
26068,2191860,932,28221.373390557936
26069,7538606,3982,22718.049221496734
26071,31714804,18034,21103.340800709768
26072,19556233,12173,19278.30411566582
27001,68435410,47246,17381.89307031283
27002,419311228,206299,24390.49503875443
27003,117280591,79035,17806.88419054849
27004,1912530172,592527,38733.023244510376
27005,354546506,148641,28623.045270147537
27006,217642388,116526,22413.09798671541
27007,49559356,24170,24605.389822093508
27008,268535127,152806,21088.318024161355
27009,52970652,30698,20706.489803896016
27010,136798013,72504,22641.180569347896
27011,23849130,19895,14384.99924604172
27012,248324854,123279,24171.98588567396
27013,374080056,119174,37667.282058167046
27014,247191400,79112,37494.903428051366
27015,41699418,33547,14916.17778042746
27016,97465834,52191,22409.80260964534
27017,87055541,46397,22515.819815936375
28001,11993547,7638,18842.964650432048
28002,37416218,21744,20649.126931567327
28003,496764195,205845,28959.510019675
28004,10051343,7631,15806.069453544751
28005,3165081,1991,19076.329482672023
28006,2218379,2650,10045.489811320755
28007,27444044,11688,28176.63655030801
28008,3252171,2521,15480.385561285204
28009,553186709,168640,39363.38062144213
28010,1363624,1006,16265.892644135187
28011,8615959,7017,14734.431808465155
28012,53144655,35886,17771.16034108009
28013,16166976,11814,16421.5093956323
28014,10486177,3404,36966.546415981196
28015,28004254,11971,28072.094895998664
28016,22086911,17785,14902.610739387124
28017,15659800,10937,17181.823169059156
28018,8953411,5795,18540.28162208801
28019,14081754,11312,14938.211456859972
28020,1727554,1313,15788.764661081492
28021,152443092,85874,21302.33952069311
28022,1040160162,439636,28391.49192513807
28023,4071144,2534,19279.292817679558
28024,5712132,2777,24683.32157003961
28025,65841692,21783,36271.41826194739
28026,978392,1426,8233.312762973354
28027,694598881,303204,27490.358214271582
28028,3696624,2636,16828.333839150226
28029,11435533,8839,15525.104197307388
28030,12912686,9625,16098.933194805195
28031,778804,707,13218.738330975953
28032,1372100105,534347,30813.687098458493
28033,218068253,103192,25358.739398402977
28034,3655179,3557,12331.219567050885
28035,66359364,40651,19588.9982534255
28036,258733,276,11249.260869565218
28037,34750339,19194,21725.751172241326
28038,827422186,251973,39405.278470312296
28039,17718783,14695,14469.234161279346
28040,105855249,51804,24520.558026407227
28041,792195027,279913,33961.76784929603
28042,4002172,3117,15407.784408084695
28043,28302050,17419,19497.36494632298
29001,18709427,10040,22361.864940239044
29002,32003481,13704,28024.063922942205
29003,7724309,5392,17190.598664688427
29004,12923439,11890,13042.999831791421
29005,147292128,67210,26298.252283886326
29006,70548358,41727,20288.549284635847
29007,17948612,13818,15587.157620495007
29008,18675042,12561,17840.97635538572
29009,6387172,4381,17495.107053184205
29010,116183252,63163,22073.03364311385
29011,4942140,3685,16093.807327001357
29012,7425402,6652,13395.19302465424
29013,118534267,80145,17747.971851020025
29014,19004727,10117,22541.93179796382
29015,53772221,31646,20390.148897175
29016,7887512,5851,16176.746539053152
29017,13298879,9921,16085.732083459327
29018,53736485,35592,18117.493256911665
29019,30320939,17952,20268.00735294118
29020,11362296,7659,17802.26556991774
29021,24907340,16195,18455.577647422044
29022,7606718,5426,16822.81901953557
29023,32607679,21944,17831.395734597158
29024,53047721,23671,26892.512018926114
29025,134146240,70565,22812.36987174945
29026,31109174,17630,21174.707203630176
29027,15115279,11018,16462.456707206387
29028,30445036,21729,16813.494960651664
29029,17467654,10704,19582.571748878923
29030,12569932,11112,13574.440604751619
29031,50187469,28590,21065.04470094439
29032,17255346,11284,18350.24388514711
29033,247418678,84129,35291.32803195093
29034,46964491,35461,15892.780575843884
29035,6489022,4690,16603.041364605542
29036,47345402,19385,29308.476863554293
29037,6002827,7445,9675.476695768972
29038,25542100,14032,21843.30102622577
29039,29568583,20710,17132.93075808788
29040,11231298,8484,15885.852899575671
29041,41889970,25560,19666.652582159622
29042,20393513,11322,21614.74615792263
29043,74292680,34198,26069.13152815954
29044,67840821,38449,21173.23862779266
29045,9064093,5408,20112.632396449706
29046,3337979,3464,11563.437644341802
29047,3071061,2548,14463.395604395604
29048,23602502,16033,17665.441526850867
29049,9071320,4767,22835.29263687854
29050,12889065,9185,16839.279259662493
29051,6011230,3150,22899.92380952381
29052,6120462,4767,15407.078665827565
29053,13988743,6934,24208.958177098357
29054,8561917,5006,20523.97203355973
29055,3172223,2357,16150.477725922781
29056,10669783,6740,18996.64629080119
29057,6093331,3989,18330.401604412134
29058,10395003,7355,16959.896125084975
29059,8720697,6690,15642.505829596412
29060,6315882,4469,16959.18191989259
30001,9289972,7298,15275.37188270759
30002,2414711,2671,10848.570572819168
30003,124970902,71500,20974.1373986014
30004,52011095,31870,19583.719485409474
30005,6138284,4162,17698.079769341664
30006,18149738,15829,13759.356623918125
30007,4644365,4106,13573.399902581588
30008,4616525,4868,11380.094494658997
30009,29113360,20664,16906.713124274098
30010,63678932,50845,15028.954351460321
30011,98377259,41433,28492.436174064154
30012,9582636,6191,18573.99967695041
30013,48275123,22616,25614.67438981252
30014,63074733,39813,19011.297716826164
30015,33372750,23039,17382.395069230435
30016,49952166,21699,27624.590626296143
30017,3895354,2826,16540.781316348195
30018,474056,897,6341.886287625418
30019,2308126,3073,9013.183208590954
30020,4330690,6497,7998.811759273511
30021,29416071,20754,17008.424978317435
30022,20345732,18848,12953.56451612903
30023,34503014,36636,11301.3475270226
30024,10975166,11847,11116.906558622435
30025,7623622,10744,8514.842144452718
30026,53532107,21943,29275.180422002464
30027,8529278,10036,10198.419290554006
30028,499941791,124819,48064.008620482455
30029,4672181,8034,6978.612397311426
30030,58619064,33093,21256.11966276856
30031,13258531,13489,11794.97160649418
30032,49673777,37812,15764.448429070137
30033,24278264,18182,16023.494005059949
30034,40463244,19206,25281.626991565136
30035,7341795,8234,10699.725528297304
30036,11460952,8844,15550.81682496608
30037,3192439,5132,7464.783320342946
30038,180642641,76048,28504.519408794447
30039,754145597,258939,34949.34005306269
30040,105220922,45492,27755.45291479821
30041,1789173,1870,11481.324064171124
30042,4182369,3614,13887.224128389596
30043,13690046,14244,11533.31592249368
30044,423200148,192755,26346.40749137506
30045,85523202,45162,22724.379434037466
30046,12819443,13482,11410.27414330218
30047,53417213,44651,14355.928333072046
30048,242569346,106531,27323.803888070135
30049,28617827,17640,19467.909523809525
30050,8927022,8950,11969.191508379889
30051,15432601,16618,11144.013238656878
30052,15003376,10353,17390.17791944364
30053,38156265,22714,20158.280355727744
30054,12316202,8962,16491.232314215576
30055,12325482,9464,15628.252747252747
30056,3948041,4736,10003.482263513513
30057,6491439,9219,8449.643996095021
30058,32861034,31428,12547.168384879726
30059,23749618,13313,21407.302336062494
30060,16118282,13095,14770.476059564719
30061,99120847,56493,21054.82385428283
30062,23753724,18321,15558.358604879646
30063,11397340,10713,12766.55278633436
30064,1417315,1660,10245.650602409638
30065,170542698,68705,29786.949654319193
30066,19904160,18051,13231.949476483298
30067,6290015,11120,6787.785971223022
30068,143520208,59077,29152.50429101004
30069,31230203,19673,19049.582473440754
30070,13075748,12256,12802.625326370757
30071,83324151,52828,18927.26985689407
30072,16709998,12895,15550.211399767351
30073,28255075,25270,13417.526711515631
30074,7946898,5239,18202.47680855125
30075,15715095,12614,14950.14586966862
30076,6520840,7655,10222.087524493794
30077,54551565,33692,19429.501958922
30078,9626029,9930,11632.66344410876
30079,8676787,9433,11037.99893989187
30080,19931094,19318,12380.843151464956
30081,37003140,21330,20817.518987341773
30082,35120046,12861,32768.8789363191
30083,25289978,27004,11238.325285142942
30084,6427699,4514,17087.36996012406
30085,99869857,59263,20222.36950542497
30086,33196464,35835,11116.438342402678
30087,1183714296,412513,34434.23977426166
30088,3275872,2890,13602.236678200694
30089,67924494,33783,24127.340023088538
30090,18027003,9346,23146.162636422
30091,26925302,19757,16353.880852356126
30092,49418837,32515,18238.53741350146
30093,23762940,15013,18993.890628122295
30094,46165828,33288,16642.33165104542
30095,11589670,11709,11877.704330002562
30096,991062,1246,9544.738362760834
30097,26145347,13731,22849.33100284029
30098,1808243,2208,9827.407608695652
30099,15218388,14475,12616.280207253887
30100,32772231,18963,20738.636924537255
30101,41632865,29548,16907.89156626506
30102,195237526,94293,24846.49244376571
30103,4506784,6324,8551.77229601518
30104,6933883,6880,12093.981976744186
30105,182854338,66787,32854.47850629614
30106,3176144,3965,9612.541740226985
30107,1437165,1646,10477.509113001215
30108,296200205,111453,31891.49201905736
30109,65543653,47452,16575.14616876001
30110,5913699,6919,10256.451510333864
30111,31581722,14225,26641.87444639719
30112,25999824,18612,16763.26499032882
30113,4041435,3752,12925.69829424307
30114,13648414,8216,19934.392405063292
30115,48881402,29907,19613.362222890963
30116,26755005,14834,21643.52568423891
30117,23048304,19528,14163.234739860713
30118,209006341,92230,27193.712371245798
30119,6619853,4632,17149.878238341968
30120,24642520,14441,20477.130392632087
30121,29705752,19022,18739.828829776052
30122,12191935,11586,12627.586742620406
30123,149964329,81630,22045.47284086733
30124,211966998,128520,19791.50308123249
30125,36428986,27191,16076.931043359935
30126,47145843,25337,22329.009590717134
30127,12440940,19645,7599.454314074828
30128,82618920,57009,17390.710940377834
30129,16920579,11826,17169.537290715372
30130,37290760,26328,16996.7000911577
30131,434747160,158968,32817.71123748176
30132,18852323,16108,14044.442264713187
30133,98205773,49441,23835.87055278008
30134,32987505,17505,22613.54241645244
30135,22441802,18735,14374.252682145718
30136,12377960,7267,20439.730287601487
30137,2884066,3446,10043.178177597214
30138,72925868,34938,25047.524643654473
30139,7649754,4657,19711.627227829074
30140,2602656,2592,12049.333333333332
30141,170598244,124613,16428.293420429647
30142,32916625,26611,14843.466987336064
30143,42625384,35601,14367.703379118564
30144,36006616,27679,15610.36858268001
30145,24942775,14270,20975.00350385424
30146,3429089,3267,12595.368227731866
30147,8779152,16180,6511.113967861557
30148,35372657,22585,18794.41593978304
30149,9545888,12433,9213.436499638061
30150,9741792,8969,13033.950719143717
30151,19515411,17687,13240.511788319103
30152,13045928,9520,16444.447058823527
30153,5335132,4313,14843.863667980524
30154,10934375,9949,13188.511408181726
30155,87913910,74467,14166.905072045334
30156,3551958,3747,11375.365892714171
30157,16837093,14123,14306.104651986123
30158,25403884,19653,15511.45412914059
30159,10604044,15834,8036.410761652141
30160,143434520,89756,19176.5925397745
30161,32570319,25927,15074.780267674625
30162,4362596,4863,10765.196792103641
30163,2189059,2927,8974.618380594466
30164,22675557,14078,19328.50433300185
30165,5799463,6927,10046.709398007795
30166,8718797,7864,13304.36978636826
30167,12735161,10987,13909.341221443525
30168,9050686,10710,10140.824649859944
30169,19421245,14833,15711.922065664396
30170,4775047,5019,11416.729228930066
30171,2897074,3362,10340.53777513385
30172,19562191,16541,14191.783568103501
30173,47100674,47172,11981.855507504451
30174,169496107,85081,23906.08107568082
30175,140714539,78460,21521.46913076727
30176,5180861,3909,15904.40828856485
30177,10103184,10173,11917.645532291359
30178,17653971,10559,20063.23060895918
30179,2908990,2953,11821.158144260075
30180,4096120,4917,9996.632092739475
30181,45137343,27821,19469.038352323783
30182,28581510,17279,19849.419526592974
30183,76024638,54158,16845.07655378707
30184,4292145,3992,12902.239478957916
30185,5653803,4450,15246.210337078654
30186,9254855,6062,18320.39920818212
30187,3328319,3980,10035.132663316583
30188,15234727,13513,13528.951676163695
30189,356995419,133616,32061.61708178661
30190,2242257,1583,16997.52621604548
30191,58485167,24698,28416.147218398248
30192,27015562,16236,19967.155949741315
30193,1513952137,528439,34379.41871057965
30194,8940577,8153,13159.195878817613
30195,2949915,3799,9317.973150829166
30196,23531467,14373,19646.39281987059
30197,7925987,8505,11183.050440917108
30198,3952070,4121,11508.090269352098
30199,14321704,9582,17935.759549154667
30200,13608038,11059,14765.933267022336
30201,27599978,26026,12725.72565895643
30202,3149953,4173,9058.096333572968
30203,7583912,10184,8936.26708562451
30204,66505059,28316,28184.090549512643
30205,28415586,16347,20859.30335841439
30206,66895082,20105,39927.430191494655
30207,66730952,39388,20330.33979892353
30208,37387603,18733,23949.780387551382
30209,6706182,5944,13538.725437415884
30210,16898164,16973,11947.090555588287
30211,42817932,25409,20221.77905466567
30212,4244722,5288,9632.500756429652
31001,9255561,5851,18982.521278413948
31002,28779798,15191,22734.354288723585
31003,11427118,10346,13253.954765126618
31004,8075227,5181,18703.478865083962
31005,3315922,1957,20332.68472151252
31006,9527784,7321,15617.18453763147
31007,11317514,6678,20336.95238095238
31008,2440626,2681,10924.099962700486
31009,5082108,3865,15778.860543337645
31010,1860397,1924,11603.307692307693
31011,9901431,6951,17093.536469572726
31012,2983801,2877,12445.468196037538
31013,29013309,10075,34556.79483870968
31014,1602629,1274,15095.406593406595
31015,6724899,4667,17291.362331262055
31016,1675585,1818,11059.96699669967
31017,2296179,2819,9774.440581766583
31018,2915516,2415,14487.036024844721
31019,25791442,27464,11269.19982522575
31020,7700220,3931,23506.1409310608
31021,5670074,6278,10837.987894233833
31022,1426596,1828,9364.962800875273
31023,7334754,4179,21061.748743718592
31024,2994939,2837,12668.053577722947
31025,4672394,4900,11442.597551020408
31026,5208655,3172,19704.873896595207
31027,13069016,7029,22311.593683311992
31028,3027968,1807,20108.254565578307
31029,7378645,5095,17378.55544651619
31030,3041969,2681,13615.676240208875
31031,1595764,1745,10973.735243553008
31032,13140350,12944,12182.030284301607
31033,23227833,17437,15985.203647416412
31034,7071096,5374,15789.57052474879
31035,7505622,4872,18486.75369458128
31036,10847529,7175,18142.208780487803
31037,5472900,4440,14791.621621621623
31038,46882777,29693,18947.001784932476
31039,6290453,3773,20006.741584945667
31040,36079339,23683,18281.132795676225
31041,181504489,90108,24171.59262218671
31042,3986997,3419,13993.554840596666
31043,2288920,2350,11688.102127659575
31044,9165843,6605,16652.55352006056
31045,3331935,2274,17582.770448548814
31046,2735510,2457,13360.2442002442
31047,5524573,4811,13779.85366867595
31048,33056217,20631,19227.114730260288
31049,2558579,2832,10841.436440677966
31050,2539637862,782497,38946.67243963874
31051,4552176,2760,19792.069565217393
31052,54946288,32045,20575.923108129195
31053,15284949,10831,16934.667897701045
31054,3588986,2459,17514.36844245628
31055,7021018,5312,15860.733433734938
31056,31803128,24495,15580.221922841396
31057,10586881,6742,18843.454761198456
31058,23329108,20607,13585.155335565585
31059,118838705,50974,27976.31066818378
31060,551519,485,13645.830927835052
31061,4255011,2816,18132.149147727272
31062,5469927,4090,16048.685574572128
31063,6937885,4601,18094.89676157357
31064,1819441,1372,15913.478134110788
31065,2732716,1561,21007.42600896861
31066,3338139,3160,12676.477215189872
31067,14821068,8612,20651.74361356247
31068,3326094,2469,16165.70595382746
31069,9373741,7485,15028.041683366733
31070,5178016,3401,18269.97706556895
31071,996176,1111,10759.776777677767
31072,2319786,1553,17924.940115904697
31073,1875219,3638,6185.4392523364495
31074,4113029,3187,15486.773768434265
31075,7168322,6064,14185.333773087073
31076,25696179,15955,19326.49000313381
31077,2001866,2010,11951.438805970149
31078,4705459,3317,17023.06542056075
31079,50766376,35386,17215.749505454136
31080,11645570,8967,15584.570090331214
31081,2196494,2348,11225.693356047701
31082,5056417,3089,19642.92780835222
31083,2241955,1432,18787.332402234635
31084,7525647,6260,14426.160383386581
31085,11196901,10887,12341.582805180491
31086,2105765,1647,15342.550091074681
31087,5985262,4687,15323.905269895457
31088,1824624,1516,14442.934036939314
31089,62262333,36171,20655.99502363772
31090,10556370,6762,18733.57586512866
31091,12850907,10317,14947.260250072695
31092,3701320,4621,9611.737719108418
31093,32705040,16155,24293.43732590529
31094,2373080,2528,11264.620253164556
31095,8336319,4912,20365.600162866453
31096,89016035,62317,17141.26835373975
31097,2315698,2347,11839.955688112484
31098,12146073,11249,12956.962930038226
31099,2915240,3257,10740.828983727355
31100,5859604,3463,20304.72076234479
31101,102925224,51227,24110.3849142054
31102,104515974,64931,19315.76116184873
31103,3915747,2971,15815.874789633122
31104,9404429,8922,12648.862138533961
31105,4623130,2818,19686.855926188786
31106,2520658,1876,16123.611940298506
32001,5486952,4245,15510.818374558305
32002,2989109,2375,15102.866526315789
32003,1765051,1166,18165.190394511148
32004,3532096,2455,17264.827698574336
32005,68707285,38561,21381.380669588445
32006,6582662,4915,16071.606103763987
32007,21784570,9390,27839.70607028754
32008,11597438,9866,14105.945266572064
32009,12548746,8170,18431.450673194617
32010,366839195,177913,24742.825650739403
32011,2677176,1552,20699.81443298969
32012,5623788,5023,13435.288871192515
32013,8624011,4892,21154.56500408831
32014,10546698,8134,15559.426604376691
32015,473193,328,17311.939024390245
32016,18464152,15734,14082.231091902884
32017,479731740,161974,35541.388617926335
32018,3361089,2332,17295.48370497427
32019,31326102,18934,19853.872610119364
32020,86748203,45912,22673.34108729744
32021,2105922,1793,14094.291132180702
32022,23718665,15847,17960.74840663848
32023,16466295,8647,22851.340349254075
32024,61710887,42039,17615.324912581174
32025,13609545,10357,15768.517910591869
32026,13538189,9828,16530.1452991453
32027,3272566,2249,17461.44597598933
32028,1687739,1173,17265.87212276215
32029,27854609,17945,18626.654109779884
32030,3025380,1733,20948.967109059435
32031,9302663,5735,19465.03156059285
32032,21034738,10032,25161.16985645933
32033,3243547,2029,19183.126663380976
32034,31252377,18573,20192.13503472783
32035,11947665,10148,14128.102089081593
32036,44094544,33327,15877.052479971197
32037,14851713,11342,15713.327102803738
32038,43467895,34804,14987.206642914607
32039,80431391,45887,21033.77191797241
32040,11413080,10710,12787.764705882353
32041,1743548,1174,17821.614991482114
32042,71704979,40214,21397.019644899785
32043,915695,771,14252.062256809339
32044,17234609,11603,17824.296130311126
32045,8557455,5605,18321.045495093666
32046,4898981,3912,15027.5490797546
32047,6613822,3859,20566.43275459964
32048,38305971,20248,22702.07684709601
32049,25477728,17139,17838.423245230177
32050,10380806,7070,17619.472701555867
32051,23319675,18672,14986.937660668382
32052,21370434,14185,18078.618822700035
32053,9744070,8071,14487.528187337382
32054,13173271,11849,13341.147101021183
32055,28250782,19014,17829.461659829598
32056,372325464,124892,35774.15341254844
32057,25003669,16640,18031.492067307692
32058,1984676,1443,16504.58212058212
