"","clave_mun","ingreso"
"1","01001",5502125998
"2","01002",108055380
"3","01003",118112364
"4","01004",42316320
"5","01005",560185840
"6","01006",163258332
"7","01007",178815651
"8","01008",18103771
"9","01009",45946036
"10","01010",117890087
"11","01011",201595222
"12","02001",2655456274
"13","02002",9141931331
"14","02003",739277687
"15","02004",18628814923
"16","02005",1981084621
"17","02006",402780276
"18","03001",346652829
"19","03002",393637120
"20","03003",1493854411
"21","03008",4397955393
"22","03009",173050237
"23","04001",117292841
"24","04002",1078420253
"25","04003",1104248899
"26","04004",413386921
"27","04005",84277718
"28","04006",61545836
"29","04007",66517158
"30","04008",22657302
"31","04009",124540270
"32","04010",42895486
"33","04011",97110298
"34","04012",0
"35","05001",2672614
"36","05002",695223288
"37","05003",77502038
"38","05004",457024444
"39","05005",2870651
"40","05006",74182133
"41","05007",32846105
"42","05008",5542014
"43","05009",153326042
"44","05010",318840625
"45","05011",40312658
"46","05012",5068809
"47","05013",4382643
"48","05014",24667631
"49","05015",4430384
"50","05016",3723919
"51","05017",1020908171
"52","05018",1114494607
"53","05019",30906153
"54","05020",195397396
"55","05021",18339870
"56","05022",118968309
"57","05023",24601278
"58","05024",123248890
"59","05025",1091697773
"60","05026",8439945
"61","05027",796669029
"62","05028",241806166
"63","05029",6086544
"64","05030",8984714686
"65","05031",134481762
"66","05032",125788002
"67","05033",280804080
"68","05034",36880578
"69","05035",4546520625
"70","05036",70672043
"71","05037",21354554
"72","05038",49159232
"73","06001",80307872
"74","06002",1040526858
"75","06003",69426913
"76","06004",100701365
"77","06005",97236798
"78","06006",13139152
"79","06007",1139835244
"80","06008",36509609
"81","06009",645190157
"82","06010",778361258
"83","07001",26098837
"84","07002",34290180
"85","07003",61661968
"86","07004",89787941
"87","07005",11257503
"88","07006",31319832
"89","07007",5212125
"90","07008",29899788
"91","07009",90494791
"92","07010",2108480
"93","07011",10446558
"94","07012",167791706
"95","07013",43833395
"96","07014",39802731
"97","07015",63856833
"98","07016",18600118
"99","07017",116107567
"100","07018",11314476
"101","07019",491488544
"102","07020",78035266
"103","07021",230023018
"104","07022",23184868
"105","07023",151371984
"106","07024",19452669
"107","07025",5751150
"108","07026",15949260
"109","07027",231020493
"110","07028",6019089
"111","07029",10507167
"112","07030",31399522
"113","07031",123628916
"114","07032",41404500
"115","07033",2716900
"116","07034",117590252
"117","07035",24550765
"118","07036",3516132
"119","07037",84265254
"120","07038",21787807
"121","07039",10737900
"122","07040",119637419
"123","07041",31349109
"124","07042",7048992
"125","07043",19128534
"126","07044",21780511
"127","07045",8586788
"128","07046",92107576
"129","07047",15895076
"130","07048",33040934
"131","07049",20727735
"132","07050",8056607
"133","07051",76499069
"134","07052",86289361
"135","07053",5059366
"136","07054",44841474
"137","07055",13172874
"138","07056",17439696
"139","07057",85626210
"140","07058",1807886
"141","07059",126744848
"142","07060",10905196
"143","07061",222735994
"144","07062",35526023
"145","07063",8635176
"146","07064",32832305
"147","07065",268740479
"148","07066",17257798
"149","07067",6028867
"150","07068",67449014
"151","07069",123716673
"152","07070",2666081
"153","07071",53672676
"154","07072",18566551
"155","07073",12613055
"156","07074",98434490
"157","07075",51483592
"158","07076",22847706
"159","07077",195355030
"160","07078",531114115
"161","07079",92141882
"162","07080",10348192
"163","07081",66161580
"164","07082",4144790
"165","07083",23055154
"166","07084",9189091
"167","07085",11625387
"168","07086",44421557
"169","07087",68108457
"170","07088",2495556
"171","07089",958803471
"172","07090",2842441
"173","07091",14657454
"174","07092",22382479
"175","07093",34927386
"176","07094",70046077
"177","07096",32483926
"178","07097",173436054
"179","07098",2548872
"180","07099",63312951
"181","07100",142331435
"182","07101",2373107473
"183","07102",83532951
"184","07103",66819524
"185","07104",22218137
"186","07105",19241339
"187","07106",52043842
"188","07107",79085151
"189","07108",177750102
"190","07109",45875256
"191","07110",7012345
"192","07111",36723843
"193","07112",25641723
"194","07113",18355239
"195","07114",26079916
"196","07115",342643682
"197","07116",10914270
"198","07117",6049770
"199","07118",4188021
"200","07119",764815
"201","07120",3142224
"202","07121",1078071
"203","07122",23403924
"204","07123",18328885
"205","07124",28343911
"206","07125",0
"207","08001",54930014
"208","08002",217878991
"209","08003",23802542
"210","08004",335377306
"211","08005",85394625
"212","08006",20435675
"213","08007",22391245
"214","08008",7208904
"215","08009",46435616
"216","08010",157224646
"217","08011",145221007
"218","08012",30349303
"219","08013",43604864
"220","08014",7089248
"221","08015",25814219
"222","08016",8768061
"223","08017",1059660820
"224","08018",14218139
"225","08019",16507810039
"226","08020",84510272
"227","08021",700512170
"228","08022",7872912
"229","08023",16849166
"230","08024",19486769
"231","08025",21360413
"232","08026",16362986
"233","08027",100812554
"234","08028",10401346
"235","08029",34452956
"236","08030",15372078
"237","08031",85950852
"238","08032",501329044
"239","08033",5155457
"240","08034",26693646
"241","08035",38798715
"242","08036",104558213
"243","08037",13977929675
"244","08038",14500125
"245","08039",9376977
"246","08040",88032240
"247","08041",1212759
"248","08042",7291136
"249","08043",4875178
"250","08044",9403873
"251","08045",148272356
"252","08046",5181488
"253","08047",6155976
"254","08048",73026965
"255","08049",7513708
"256","08050",552514655
"257","08051",28188426
"258","08052",165053451
"259","08053",76184258
"260","08054",21291205
"261","08055",53153943
"262","08056",2386249
"263","08057",20217837
"264","08058",6792686
"265","08059",27513558
"266","08060",47577747
"267","08061",9739365
"268","08062",109945519
"269","08063",31053888
"270","08064",2934187
"271","08065",30738122
"272","08066",5896493
"273","08067",10837605
"274","09002",3767039169
"275","09003",4865373836
"276","09004",3622460441
"277","09005",8095143724
"278","09006",3344843575
"279","09007",7345718160
"280","09008",1529015059
"281","09009",444605573
"282","09010",9039939783
"283","09011",1614827029
"284","09012",4631721512
"285","09013",1601577873
"286","09014",11971764115
"287","09015",10350579888
"288","09016",7298087993
"289","09017",2192544385
"290","10001",74575645
"291","10002",5318414
"292","10003",4790205
"293","10004",123008518
"294","10005",2177077481
"295","10006",46072774
"296","10007",1182556657
"297","10008",88211300
"298","10009",20029886
"299","10010",8027723
"300","10011",20921947
"301","10012",698270042
"302","10013",75222370
"303","10014",285465572
"304","10015",32249983
"305","10016",45232896
"306","10017",15433344
"307","10018",25871722
"308","10019",3184693
"309","10020",28244586
"310","10021",23585912
"311","10022",43778118
"312","10023",107949961
"313","10024",24918131
"314","10025",5416587
"315","10026",36684945
"316","10027",9335880
"317","10028",23731423
"318","10029",3161463
"319","10030",5057431
"320","10031",38620580
"321","10032",144914448
"322","10033",9504766
"323","10034",120584393
"324","10035",26085334
"325","10036",43416275
"326","10037",17512589
"327","10038",56777803
"328","10039",86163266
"329","11001",200211709
"330","11002",1330397169
"331","11003",545350652
"332","11004",287454959
"333","11005",435278024
"334","11006",16221074
"335","11007",2947676337
"336","11008",95046061
"337","11009",147461141
"338","11010",22130184
"339","11011",269966857
"340","11012",127069079
"341","11013",61351672
"342","11014",367440459
"343","11015",1170428107
"344","11016",50115958
"345","11017",4249144341
"346","11018",95003627
"347","11019",86714792
"348","11020",15233081062
"349","11021",138282198
"350","11022",97174119
"351","11023",385383412
"352","11024",27952956
"353","11025",334953576
"354","11026",177125291
"355","11027",1260960329
"356","11028",228464407
"357","11029",124586308
"358","11030",340311315
"359","11031",646814716
"360","11032",251264921
"361","11033",320060413
"362","11034",11591319
"363","11035",215554088
"364","11036",15514667
"365","11037",754873464
"366","11038",92431805
"367","11039",70265964
"368","11040",52417189
"369","11041",262622510
"370","11042",376381281
"371","11043",46121624
"372","11044",308090894
"373","11045",31842561
"374","11046",122898863
"375","12001",2569286492
"376","12002",16161683
"377","12003",49008191
"378","12004",8931046
"379","12005",9366797
"380","12006",17837796
"381","12007",69351906
"382","12008",13587795
"383","12009",1995236
"384","12010",17613241
"385","12011",134452424
"386","12012",111390119
"387","12013",16344895
"388","12014",62076872
"389","12015",30679330
"390","12016",11609412
"391","12017",51564861
"392","12018",30860882
"393","12019",21233955
"394","12020",51618757
"395","12021",141620111
"396","12022",119678205
"397","12023",56826649
"398","12024",14353365
"399","12025",20965831
"400","12026",6911593
"401","12027",90983444
"402","12028",224667137
"403","12029",822890444
"404","12030",35409462
"405","12031",7584913
"406","12032",23613184
"407","12033",32215605
"408","12034",149045573
"409","12035",399356495
"410","12036",13922089
"411","12037",8931538
"412","12038",538720914
"413","12039",45861522
"414","12040",45624828
"415","12041",45736166
"416","12042",37110649
"417","12043",9988182
"418","12044",24110929
"419","12045",33244208
"420","12046",222267913
"421","12047",8148760
"422","12048",132907736
"423","12049",38413036
"424","12050",79944915
"425","12051",60057140
"426","12052",41718789
"427","12053",114164561
"428","12054",17582737
"429","12055",556994741
"430","12056",35728098
"431","12057",161141826
"432","12058",117772567
"433","12059",79093881
"434","12060",19141453
"435","12061",103294778
"436","12062",32869208
"437","12063",31615516
"438","12064",17488670
"439","12065",8233618
"440","12066",191524440
"441","12067",34476417
"442","12068",58273177
"443","12069",7179770
"444","12070",11629954
"445","12071",41783930
"446","12072",5829069
"447","12073",110879141
"448","12074",35947405
"449","12075",151398422
"450","12076",19428638
"451","12077",26055602
"452","12078",11025412
"453","12079",11805233
"454","12080",14377564
"455","12081",10093249
"456","13001",45024428
"457","13002",96875675
"458","13003",227183887
"459","13004",24739208
"460","13005",56748175
"461","13006",89117596
"462","13007",31384928
"463","13008",293308666
"464","13009",49766180
"465","13010",126970578
"466","13011",25472764
"467","13012",107994023
"468","13013",313285616
"469","13014",19463452
"470","13015",46027301
"471","13016",108985415
"472","13017",30250133
"473","13018",48438525
"474","13019",35470006
"475","13020",3351535
"476","13021",57511969
"477","13022",66315437
"478","13023",156480314
"479","13024",68287848
"480","13025",27309832
"481","13026",14018723
"482","13027",21904978
"483","13028",272110577
"484","13029",139175534
"485","13030",248788623
"486","13031",33094761
"487","13032",10257629
"488","13033",3609603
"489","13034",11452003
"490","13035",25600221
"491","13036",21854327
"492","13037",52896542
"493","13038",52188769
"494","13039",60887920
"495","13040",9459865
"496","13041",133097554
"497","13042",20365112
"498","13043",5358577
"499","13044",33382529
"500","13045",25598514
"501","13046",218708931
"502","13047",9890805
"503","13048",1573419198
"504","13049",18566016
"505","13050",68352542
"506","13051",839162079
"507","13052",148556682
"508","13053",30197028
"509","13054",86601524
"510","13055",34460690
"511","13056",137515307
"512","13057",170715367
"513","13058",40894767
"514","13059",108392182
"515","13060",26208276
"516","13061",197746075
"517","13062",260946378
"518","13063",261805736
"519","13064",23184415
"520","13065",35436984
"521","13066",75411503
"522","13067",207031996
"523","13068",14982835
"524","13069",644911961
"525","13070",50906046
"526","13071",5676436
"527","13072",42369445
"528","13073",41045210
"529","13074",74324577
"530","13075",283350510
"531","13076",417054574
"532","13077",504722725
"533","13078",10504931
"534","13079",9947395
"535","13080",27348904
"536","13081",147738794
"537","13082",78899121
"538","13083",216065205
"539","13084",172660901
"540","14001",66463270
"541","14002",80423076
"542","14003",106082542
"543","14004",12961360
"544","14005",43385868
"545","14006",177633520
"546","14007",33217415
"547","14008",289023898
"548","14009",172864603
"549","14010",17482462
"550","14011",9178162
"551","14012",11774234
"552","14013",203764173
"553","14014",26388299
"554","14015",231885848
"555","14016",101110470
"556","14017",37861838
"557","14018",251955254
"558","14019",12598006
"559","14020",32461992
"560","14021",61176896
"561","14022",137912819
"562","14023",505782384
"563","14024",87598063
"564","14025",57352501
"565","14026",22563722
"566","14027",23673039
"567","14028",6898385
"568","14029",35712842
"569","14030",183013130
"570","14031",5044538
"571","14032",13391402
"572","14033",53668743
"573","14034",4358857
"574","14035",147865450
"575","14036",65597159
"576","14037",81591666
"577","14038",9174932
"578","14039",9887093590
"579","14040",20023308
"580","14041",9811375
"581","14042",23859313
"582","14043",72921872
"583","14044",219038556
"584","14045",48748914
"585","14046",87246480
"586","14047",62338348
"587","14048",46088952
"588","14049",15981471
"589","14050",159875095
"590","14051",117022964
"591","14052",17366199
"592","14053",804108297
"593","14054",19184029
"594","14055",64742594
"595","14056",3754848
"596","14057",12706720
"597","14058",53420767
"598","14059",45787502
"599","14060",14567031
"600","14061",32116550
"601","14062",10731348
"602","14063",384896866
"603","14064",79064579
"604","14065",32004537
"605","14066",133879878
"606","14067",1940266226
"607","14068",32266941
"608","14069",12797251
"609","14070",1123834973
"610","14071",6965528
"611","14072",32578262
"612","14073",232270937
"613","14074",57655174
"614","14075",8511977
"615","14076",19604756
"616","14077",72769647
"617","14078",85792593
"618","14079",54658762
"619","14080",12773104
"620","14081",7314504
"621","14082",122619285
"622","14083",347695070
"623","14084",48090714
"624","14085",234267993
"625","14086",59471061
"626","14087",59272281
"627","14088",39361857
"628","14089",10373240
"629","14090",20603579
"630","14091",92912653
"631","14092",102621630
"632","14093",562842494
"633","14094",140304701
"634","14095",25368369
"635","14096",68461645
"636","14097",5655112871
"637","14098",3790678228
"638","14099",31149800
"639","14100",98233518
"640","14101",3544782906
"641","14102",18243407
"642","14103",19164424
"643","14104",8934142
"644","14105",65525812
"645","14106",13344132
"646","14107",16565868
"647","14108",137010375
"648","14109",53416690
"649","14110",50471165
"650","14111",21917918
"651","14112",15463686
"652","14113",50524169
"653","14114",55439593
"654","14115",12174545
"655","14116",57014523
"656","14117",9727143
"657","14118",64499297
"658","14119",101385239
"659","14120",15748254907
"660","14121",103669283
"661","14122",26204773
"662","14123",76219330
"663","14124",246350688
"664","14125",48855556
"665","15001",449673062
"666","15002",624510651
"667","15003",94793633
"668","15004",39003443
"669","15005",418897597
"670","15006",36793546
"671","15007",54641575
"672","15008",43815049
"673","15009",121212850
"674","15010",88300435
"675","15011",446020086
"676","15012",32793691
"677","15013",6021167773
"678","15014",294057286
"679","15015",50911410
"680","15016",68191779
"681","15017",23905046
"682","15018",217933393
"683","15019",154316573
"684","15020",2132054329
"685","15021",125083238
"686","15022",36682093
"687","15023",414740022
"688","15024",1277405337
"689","15025",3774577962
"690","15026",139309703
"691","15027",43888433
"692","15028",82323549
"693","15029",2268877350
"694","15030",396469928
"695","15031",17152164690
"696","15032",502001651
"697","15033",22315023166
"698","15034",26413443
"699","15035",964772437
"700","15036",173908386
"701","15037",3509431060
"702","15038",38101054
"703","15039",5879072461
"704","15040",157472070
"705","15041",6138829
"706","15042",1568485720
"707","15043",89457712
"708","15044",564918342
"709","15045",343184343
"710","15046",130533515
"711","15047",234073428
"712","15048",188470218
"713","15049",26406686
"714","15050",89801616
"715","15051",3829218057
"716","15052",54661399
"717","15053",332481912
"718","15054",1863751026
"719","15055",59728934
"720","15056",83817723
"721","15057",3840925647
"722","15058",8071104075
"723","15059",943822444
"724","15060",5803863997
"725","15061",31853232
"726","15062",348763603
"727","15063",88653336
"728","15064",86212501
"729","15065",85465936
"730","15066",5208940
"731","15067",254076379
"732","15068",75768563
"733","15069",19177939
"734","15070",2171567902
"735","15071",37326218
"736","15072",40542014
"737","15073",111695237
"738","15074",319774120
"739","15075",112710061
"740","15076",391732166
"741","15077",10470178
"742","15078",17944471
"743","15079",39318718
"744","15080",26086463
"745","15081",4375005525
"746","15082",164278142
"747","15083",40324257
"748","15084",109486614
"749","15085",116233302
"750","15086",70366933
"751","15087",280698257
"752","15088",310165588
"753","15089",28080562
"754","15090",214116612
"755","15091",1329192183
"756","15092",272675214
"757","15093",97628970
"758","15094",42152500
"759","15095",758265232
"760","15096",136578977
"761","15097",26562516
"762","15098",22242139
"763","15099",862246001
"764","15100",169878842
"765","15101",252590489
"766","15102",54137356
"767","15103",499104368
"768","15104",4848925621
"769","15105",34179814
"770","15106",3856804885
"771","15107",42084127
"772","15108",1112339243
"773","15109",11037264692
"774","15110",223111750
"775","15111",153761835
"776","15112",121760520
"777","15113",209421668
"778","15114",1185845707
"779","15115",150225236
"780","15116",11761927
"781","15117",19779070
"782","15118",633634152
"783","15119",23735284
"784","15120",2419352258
"785","15121",3681931635
"786","15122",3828043264
"787","15123",27823390
"788","15124",161367544
"789","15125",100338408
"790","16001",42266070
"791","16002",433395804
"792","16003",80442186
"793","16004",63824982
"794","16005",18220308
"795","16006",747574950
"796","16007",8017741
"797","16008",564527411
"798","16009",176825648
"799","16010",326733485
"800","16011",37345901
"801","16012",213369079
"802","16013",13633724
"803","16014",51204774
"804","16015",128378201
"805","16016",45679354
"806","16017",77002213
"807","16018",18820809
"808","16019",56933182
"809","16020",69043887
"810","16021",23470193
"811","16022",49635430
"812","16023",23658625
"813","16024",43118341
"814","16025",102032849
"815","16026",8471017
"816","16027",8084479
"817","16028",17189975
"818","16029",81029196
"819","16030",23416365
"820","16031",21804944
"821","16032",45907962
"822","16033",50158460
"823","16034",288322404
"824","16035",139460040
"825","16036",32603689
"826","16037",9681825
"827","16038",108331456
"828","16039",20997072
"829","16040",52835824
"830","16041",108067879
"831","16042",30719138
"832","16043",230233000
"833","16044",21324859
"834","16045",126626550
"835","16046",30794299
"836","16047",50858557
"837","16048",11446626
"838","16049",40539027
"839","16050",466510743
"840","16051",46039226
"841","16052",1106158491
"842","16053",4374851245
"843","16054",13736707
"844","16055",123883407
"845","16056",46359633
"846","16057",13599368
"847","16058",69484093
"848","16059",37971106
"849","16060",17806227
"850","16061",37106409
"851","16062",47699110
"852","16063",293006476
"853","16064",64895660
"854","16065",94227673
"855","16066",283078032
"856","16067",21841584
"857","16068",105497668
"858","16069",436008560
"859","16070",61559281
"860","16071",176936883
"861","16072",71901489
"862","16073",58261685
"863","16074",26924892
"864","16075",294438251
"865","16076",233329774
"866","16077",40924553
"867","16078",30738761
"868","16079",112499721
"869","16080",26808731
"870","16081",64897592
"871","16082",252999270
"872","16083",184887297
"873","16084",77312558
"874","16085",114366408
"875","16086",32175643
"876","16087",47978140
"877","16088",475041267
"878","16089",453956414
"879","16090",38270422
"880","16091",50701737
"881","16092",59036620
"882","16093",42434288
"883","16094",16324053
"884","16095",43404974
"885","16096",67511143
"886","16097",42164460
"887","16098",58617654
"888","16099",22769111
"889","16100",33844075
"890","16101",29059054
"891","16102",2619678239
"892","16103",69901177
"893","16104",36370587
"894","16105",51221351
"895","16106",103857829
"896","16107",209567036
"897","16108",629459761
"898","16109",13272022
"899","16110",106064525
"900","16111",61863040
"901","16112",439201979
"902","16113",40719815
"903","17001",39903463
"904","17002",123551153
"905","17003",68190152
"906","17004",236562157
"907","17005",18089961
"908","17006",641569868
"909","17007",3671702714
"910","17008",582694962
"911","17009",87608689
"912","17010",39158705
"913","17011",1235007173
"914","17012",204959603
"915","17013",36325755
"916","17014",18104236
"917","17015",34744539
"918","17016",30120420
"919","17017",100304177
"920","17018",446321646
"921","17019",50801747
"922","17020",303364608
"923","17021",16824174
"924","17022",27067145
"925","17023",15465511
"926","17024",145673624
"927","17025",86359096
"928","17026",49923745
"929","17027",29828282
"930","17028",244548115
"931","17029",353935494
"932","17030",673751777
"933","17031",331623802
"934","17032",21838757
"935","17033",37799851
"936","17034",26022026
"937","17035",68313483
"938","17036",11804023
"939","18001",75606625
"940","18002",48548738
"941","18003",38481836
"942","18004",290196618
"943","18005",13036162
"944","18006",88790152
"945","18007",52645581
"946","18008",366154398
"947","18009",551196751
"948","18010",55784303
"949","18011",73746133
"950","18012",126884251
"951","18013",32179353
"952","18014",59824302
"953","18015",248196939
"954","18016",73726046
"955","18017",2077039989
"956","18018",88977422
"957","18019",27166008
"958","18020",1264787874
"959","19001",9405502
"960","19002",9790679
"961","19003",3538274
"962","19004",136394935
"963","19005",91016538
"964","19006",5340744651
"965","19007",61146499
"966","19008",10648797
"967","19009",794481526
"968","19010",1824973246
"969","19011",24598575
"970","19012",976696963
"971","19013",32350669
"972","19014",105603829
"973","19015",2828888
"974","19016",9547220
"975","19017",103935415
"976","19018",3659714533
"977","19019",4588930216
"978","19020",19084017
"979","19021",4874020808
"980","19022",40184440
"981","19023",4945916
"982","19024",9545876
"983","19025",540627990
"984","19026",6008666023
"985","19027",3594260
"986","19028",4119744
"987","19029",20165104
"988","19030",5657097
"989","19031",4531035046
"990","19032",14212679
"991","19033",1799810073
"992","19034",21443183
"993","19035",5151103
"994","19036",5599884
"995","19037",19834880
"996","19038",302304585
"997","19039",22422871985
"998","19040",2531092
"999","19041",818307607
"1000","19042",13982480
"1001","19043",3759829
"1002","19044",140816462
"1003","19045",440729684
"1004","19046",4279686632
"1005","19047",125839403
"1006","19048",2908931183
"1007","19049",1247868400
"1008","19050",10589014
"1009","19051",12011089
"1010","20001",181170
"1011","20002",62342452
"1012","20003",1856605
"1013","20004",1523239
"1014","20005",37887905
"1015","20006",40881665
"1016","20007",1528928
"1017","20008",4666545
"1018","20009",4254372
"1019","20010",38000803
"1020","20011",696119
"1021","20012",27785638
"1022","20013",6057634
"1023","20014",92471534
"1024","20015",2125026
"1025","20016",57322386
"1026","20017",1694575
"1027","20018",632702
"1028","20019",891418
"1029","20020",5259823
"1030","20021",24628384
"1031","20022",414855
"1032","20023",72641586
"1033","20024",2055963
"1034","20025",28888896
"1035","20026",11635706
"1036","20027",1414080
"1037","20028",54715170
"1038","20029",2073862
"1039","20030",32108283
"1040","20031",24003059
"1041","20032",866780
"1042","20033",10873146
"1043","20034",1247211
"1044","20035",1865814
"1045","20036",3765293
"1046","20037",2605759
"1047","20038",2424446
"1048","20039",257360497
"1049","20040",3023787
"1050","20041",46984113
"1051","20042",16579762
"1052","20043",4008422370
"1053","20044",141355778
"1054","20045",38014960
"1055","20046",3340649
"1056","20047",32090
"1057","20048",540935
"1058","20049",1988521
"1059","20050",3351016
"1060","20051",4890257
"1061","20052",26993339
"1062","20053",2758570
"1063","20054",385211
"1064","20055",5728504
"1065","20056",1195009
"1066","20057",76806859
"1067","20058",4847965
"1068","20059",133756691
"1069","20060",4420367
"1070","20061",2518287
"1071","20062",1050131
"1072","20063",13433334
"1073","20064",12032369
"1074","20065",508559
"1075","20066",8122344
"1076","20067",2088908925
"1077","20068",53548358
"1078","20069",1858088
"1079","20070",7888647
"1080","20071",4810307
"1081","20072",16506190
"1082","20073",66348335
"1083","20074",61180
"1084","20075",4622060
"1085","20076",2785592
"1086","20077",12664167
"1087","20078",3571460
"1088","20079",264103592
"1089","20080",1438973
"1090","20081",2599721
"1091","20082",3669283
"1092","20083",33193520
"1093","20084",15569863
"1094","20085",18431932
"1095","20086",2772341
"1096","20087",15662357
"1097","20088",1152881
"1098","20089",2536483
"1099","20090",8805826
"1100","20091",29126080
"1101","20092",4080762
"1102","20093",395896
"1103","20094",1493677
"1104","20095",5818836
"1105","20096",2540677
"1106","20097",3130201
"1107","20098",4581801
"1108","20099",253138
"1109","20100",302164
"1110","20101",612064
"1111","20102",12185033
"1112","20103",23786517
"1113","20104",2091174
"1114","20105",11295279
"1115","20106",312435
"1116","20107",96260323
"1117","20108",2450936
"1118","20109",1785612
"1119","20110",612848
"1120","20111",2102421
"1121","20112",5662641
"1122","20113",3138032
"1123","20114",503694
"1124","20115",35279811
"1125","20116",1456517
"1126","20117",1962140
"1127","20118",12885840
"1128","20119",781222
"1129","20120",141136
"1130","20121",2479889
"1131","20122",444142
"1132","20123",2301075
"1133","20124",43963850
"1134","20125",67669764
"1135","20126",3308221
"1136","20127",835581
"1137","20128",3611703
"1138","20129",547371
"1139","20130",3706606
"1140","20131",33603015
"1141","20132",3531217
"1142","20133",3646098
"1143","20134",15124829
"1144","20135",19531015
"1145","20136",14819093
"1146","20137",1917764
"1147","20138",1430181
"1148","20139",839362
"1149","20140",859003
"1150","20141",14042945
"1151","20142",318884
"1152","20143",17269108
"1153","20144",3541955
"1154","20145",18009616
"1155","20146",2410560
"1156","20147",195279
"1157","20148",968758
"1158","20149",2588239
"1159","20150",34116290
"1160","20151",72920
"1161","20152",1844925
"1162","20153",8864933
"1163","20154",1660251
"1164","20155",1913345
"1165","20156",7544225
"1166","20157",107246321
"1167","20158",2131821
"1168","20159",6476264
"1169","20160",2092934
"1170","20161",5179035
"1171","20162",3910544
"1172","20163",3438489
"1173","20164",2855959
"1174","20165",1271659
"1175","20166",16638105
"1176","20167",2069717
"1177","20168",1078324
"1178","20169",1582073
"1179","20170",51651452
"1180","20171",11761004
"1181","20172",404663
"1182","20173",3151216
"1183","20174",18851211
"1184","20175",551848
"1185","20176",2913356
"1186","20177",19305435
"1187","20178",23452096
"1188","20179",1008060
"1189","20180",2361574
"1190","20181",481684
"1191","20182",1574109
"1192","20183",1151139
"1193","20184",426558451
"1194","20185",9925308
"1195","20186",491020
"1196","20187",1306930
"1197","20188",5877457
"1198","20189",354491
"1199","20190",33225580
"1200","20191",1464914
"1201","20192",3831288
"1202","20193",6257677
"1203","20194",1141733
"1204","20195",494564
"1205","20196",341862
"1206","20197",6839716
"1207","20198",30505571
"1208","20199",394472
"1209","20200",3324567
"1210","20201",1731057
"1211","20202",9762989
"1212","20203",1270319
"1213","20204",323449
"1214","20205",39140723
"1215","20206",2944242
"1216","20207",19014785
"1217","20208",8960800
"1218","20209",137850
"1219","20210",2909326
"1220","20211",3558260
"1221","20212",561847
"1222","20213",3520164
"1223","20214",4092188
"1224","20215",1014383
"1225","20216",472466
"1226","20217",1264036
"1227","20218",59015
"1228","20219",13733055
"1229","20220",930360
"1230","20221",1727735
"1231","20222",4732259
"1232","20223",254908
"1233","20224",776771
"1234","20225",3078741
"1235","20226",4080256
"1236","20227",57164093
"1237","20228",186178
"1238","20229",1747576
"1239","20230",710309
"1240","20231",954081
"1241","20232",21890467
"1242","20233",8009969
"1243","20234",8887739
"1244","20235",2507006
"1245","20236",684135
"1246","20237",2310834
"1247","20238",1287096
"1248","20239",2980380
"1249","20240",714662
"1250","20241",1056388
"1251","20242",4603490
"1252","20243",4228271
"1253","20244",4008151
"1254","20245",9070300
"1255","20246",428657
"1256","20247",3865805
"1257","20248",19020134
"1258","20249",4128266
"1259","20250",1685074
"1260","20251",549155
"1261","20252",2631121
"1262","20253",1604752
"1263","20254",10399517
"1264","20255",1890184
"1265","20256",320327
"1266","20257",414721
"1267","20258",487712
"1268","20259",3163471
"1269","20260",1321929
"1270","20261",6879095
"1271","20262",850011
"1272","20263",3140908
"1273","20264",972952
"1274","20265",8363161
"1275","20266",20308456
"1276","20267",201168
"1277","20268",3181090
"1278","20269",5869339
"1279","20270",297717
"1280","20271",2761024
"1281","20272",4855472
"1282","20273",3003502
"1283","20274",265432
"1284","20275",3510622
"1285","20276",320703
"1286","20277",31910240
"1287","20278",49391017
"1288","20279",4438361
"1289","20280",26098367
"1290","20281",341992
"1291","20282",368891
"1292","20283",3794219
"1293","20284",2610001
"1294","20285",4308042
"1295","20286",5471637
"1296","20287",279889
"1297","20288",265706
"1298","20289",1198272
"1299","20290",1013755
"1300","20291",2969179
"1301","20292",629181
"1302","20293",89110435
"1303","20294",18449887
"1304","20295",23878129
"1305","20296",809432
"1306","20297",1762577
"1307","20298",33509305
"1308","20299",1835081
"1309","20300",10719694
"1310","20301",4757881
"1311","20302",2019742
"1312","20303",1968363
"1313","20304",398353
"1314","20305",10856812
"1315","20306",4377577
"1316","20307",108676825
"1317","20308",6698051
"1318","20309",7711206
"1319","20310",34916131
"1320","20311",96450
"1321","20312",8088549
"1322","20313",271759
"1323","20314",2373489
"1324","20315",5276770
"1325","20316",1270942
"1326","20317",1119948
"1327","20318",187144762
"1328","20319",392094
"1329","20320",457769
"1330","20321",415407
"1331","20322",313689
"1332","20323",2384326
"1333","20324",109654364
"1334","20325",16833849
"1335","20326",1641099
"1336","20327",33419508
"1337","20328",1411355
"1338","20329",376720
"1339","20330",6215821
"1340","20331",794651
"1341","20332",206821
"1342","20333",8992097
"1343","20334",121623483
"1344","20335",465904
"1345","20336",1944344
"1346","20337",12065883
"1347","20338",32079485
"1348","20339",9136114
"1349","20340",1122260
"1350","20341",301553
"1351","20342",20248114
"1352","20343",9510636
"1353","20344",1541985
"1354","20345",6756725
"1355","20346",1814999
"1356","20347",13160804
"1357","20348",14209662
"1358","20349",4363172
"1359","20350",74997699
"1360","20351",17142360
"1361","20352",866029
"1362","20353",1827083
"1363","20354",213753
"1364","20355",1369714
"1365","20356",3827130
"1366","20357",720661
"1367","20358",1894939
"1368","20359",266805
"1369","20360",6487321
"1370","20361",337565
"1371","20362",2632630
"1372","20363",3714712
"1373","20364",35153714
"1374","20365",706685
"1375","20366",2335965
"1376","20367",5064101
"1377","20368",3427837
"1378","20369",7322777
"1379","20370",1170633
"1380","20371",1812076
"1381","20372",4638613
"1382","20373",301560
"1383","20374",1214373
"1384","20375",43483840
"1385","20376",340252
"1386","20377",8613978
"1387","20378",4645278
"1388","20379",1642144
"1389","20380",4261246
"1390","20381",3894715
"1391","20382",2381566
"1392","20383",379348
"1393","20384",11939805
"1394","20385",482023053
"1395","20386",8394024
"1396","20387",6865767
"1397","20388",41030873
"1398","20389",2811254
"1399","20390",191716392
"1400","20391",2990049
"1401","20392",6274728
"1402","20393",8446939
"1403","20394",3646488
"1404","20395",1015333
"1405","20396",1509086
"1406","20397",112426337
"1407","20398",5822663
"1408","20399",135520679
"1409","20400",5355004
"1410","20401",65154612
"1411","20402",29341765
"1412","20403",17382882
"1413","20404",994595
"1414","20405",1745034
"1415","20406",30565680
"1416","20407",36317185
"1417","20408",624937
"1418","20409",26307031
"1419","20410",1411298
"1420","20411",1984267
"1421","20412",7170702
"1422","20413",278051218
"1423","20414",17394905
"1424","20415",3511471
"1425","20416",3123809
"1426","20417",7162202
"1427","20418",28165150
"1428","20419",581719
"1429","20420",1318930
"1430","20421",9991638
"1431","20422",2610910
"1432","20423",197603
"1433","20424",2844348
"1434","20425",1633737
"1435","20426",3080736
"1436","20427",93599007
"1437","20428",476055
"1438","20429",1012228
"1439","20430",307214
"1440","20431",4644222
"1441","20432",1719732
"1442","20433",2257629
"1443","20434",5439919
"1444","20435",6059117
"1445","20436",221242
"1446","20437",13105268
"1447","20438",1168568
"1448","20439",47797928
"1449","20440",428888
"1450","20441",22199269
"1451","20442",63335
"1452","20443",278987
"1453","20444",480387
"1454","20445",1584274
"1455","20446",3115616
"1456","20447",15135300
"1457","20448",462871
"1458","20449",3514413
"1459","20450",4027199
"1460","20451",225204
"1461","20452",10948819
"1462","20453",12422592
"1463","20454",5347733
"1464","20455",3248429
"1465","20456",2674129
"1466","20457",1583130
"1467","20458",5900079
"1468","20459",6347377
"1469","20460",2859221
"1470","20461",5183772
"1471","20462",8165325
"1472","20463",154059
"1473","20464",210987
"1474","20465",1533398
"1475","20466",7824612
"1476","20467",36180655
"1477","20468",6576156
"1478","20469",57189334
"1479","20470",4359735
"1480","20471",243399
"1481","20472",6578193
"1482","20473",515741
"1483","20474",6259162
"1484","20475",26951049
"1485","20476",447745
"1486","20477",579092
"1487","20478",725388
"1488","20479",131892
"1489","20480",787995
"1490","20481",975182
"1491","20482",144084519
"1492","20483",26088510
"1493","20484",3988198
"1494","20485",58416286
"1495","20486",4251258
"1496","20487",3190716
"1497","20488",188885
"1498","20489",3831830
"1499","20490",1806419
"1500","20491",2371834
"1501","20492",1755824
"1502","20493",831768
"1503","20494",1893173
"1504","20495",1709375
"1505","20496",2756876
"1506","20497",3518282
"1507","20498",11584679
"1508","20499",3862690
"1509","20500",5601466
"1510","20501",1014634
"1511","20502",5152978
"1512","20503",342720
"1513","20504",2479930
"1514","20505",16516064
"1515","20506",642750
"1516","20507",39177414
"1517","20508",3451158
"1518","20509",7849551
"1519","20510",628971
"1520","20511",6001792
"1521","20512",459230
"1522","20513",67119766
"1523","20514",309739
"1524","20515",134255820
"1525","20516",5122974
"1526","20517",7575200
"1527","20518",124486
"1528","20519",10203010
"1529","20520",11017795
"1530","20521",187822
"1531","20522",737251
"1532","20523",4602160
"1533","20524",119777
"1534","20525",22770927
"1535","20526",25414383
"1536","20527",1154987
"1537","20528",1593305
"1538","20529",3328049
"1539","20530",6251822
"1540","20531",4753707
"1541","20532",2575705
"1542","20533",5041287
"1543","20534",1404626
"1544","20535",38996846
"1545","20536",1646791
"1546","20537",13454551
"1547","20538",876593
"1548","20539",17694333
"1549","20540",22456308
"1550","20541",2066957
"1551","20542",874303
"1552","20543",5893660
"1553","20544",3070630
"1554","20545",21882014
"1555","20546",19511142
"1556","20547",1020971
"1557","20548",2957076
"1558","20549",21895566
"1559","20550",22253597
"1560","20551",92152755
"1561","20552",299162
"1562","20553",46554977
"1563","20554",3104005
"1564","20555",5294183
"1565","20556",338652
"1566","20557",39049667
"1567","20558",1643104
"1568","20559",24473888
"1569","20560",17723331
"1570","20561",7142380
"1571","20562",2125628
"1572","20563",871467
"1573","20564",526734
"1574","20565",120333623
"1575","20566",1391342
"1576","20567",3675731
"1577","20568",2078971
"1578","20569",1731679
"1579","20570",59294802
"1580","21001",156147911
"1581","21002",19545525
"1582","21003",81335394
"1583","21004",133180247
"1584","21005",2891867
"1585","21006",33423671
"1586","21007",2145749
"1587","21008",19147203
"1588","21009",2368266
"1589","21010",574055065
"1590","21011",3217280
"1591","21012",12262908
"1592","21013",47387088
"1593","21014",4009374
"1594","21015",325219468
"1595","21016",18898465
"1596","21017",40620685
"1597","21018",6734643
"1598","21019",532418238
"1599","21020",11587339
"1600","21021",3212966
"1601","21022",132040019
"1602","21023",15454543
"1603","21024",3419979
"1604","21025",13416329
"1605","21026",22810519
"1606","21027",3146888
"1607","21028",2031986
"1608","21029",3899125
"1609","21030",3678193
"1610","21031",3506182
"1611","21032",2521967
"1612","21033",4889308
"1613","21034",130336078
"1614","21035",49369358
"1615","21036",11454416
"1616","21037",4460556
"1617","21038",28161315
"1618","21039",20800854
"1619","21040",25037174
"1620","21041",654801897
"1621","21042",1861560
"1622","21043",54248033
"1623","21044",24425357
"1624","21045",74319259
"1625","21046",17333932
"1626","21047",46049721
"1627","21048",40318865
"1628","21049",16243591
"1629","21050",32778215
"1630","21051",113043603
"1631","21052",1248219
"1632","21053",124646526
"1633","21054",66350163
"1634","21055",4805512
"1635","21056",1718777
"1636","21057",53267945
"1637","21058",28006405
"1638","21059",10295295
"1639","21060",18534317
"1640","21061",30922213
"1641","21062",7084904
"1642","21063",35959472
"1643","21064",32693798
"1644","21065",36562313
"1645","21066",6750470
"1646","21067",30521599
"1647","21068",7400360
"1648","21069",53284484
"1649","21070",26808540
"1650","21071",396694934
"1651","21072",54004443
"1652","21073",21863616
"1653","21074",250258612
"1654","21075",15649435
"1655","21076",38475357
"1656","21077",3830113
"1657","21078",188165855
"1658","21079",9531570
"1659","21080",20618463
"1660","21081",19862959
"1661","21082",15269830
"1662","21083",20932333
"1663","21084",5856732
"1664","21085",352848055
"1665","21086",15713760
"1666","21087",13378798
"1667","21088",4346412
"1668","21089",11934692
"1669","21090",170304351
"1670","21091",19820994
"1671","21092",4771372
"1672","21093",5805530
"1673","21094",103127126
"1674","21095",10752721
"1675","21096",14585198
"1676","21097",4872164
"1677","21098",7458445
"1678","21099",27426995
"1679","21100",8627147
"1680","21101",2983354
"1681","21102",37862844
"1682","21103",15751845
"1683","21104",72416976
"1684","21105",6790827
"1685","21106",308019960
"1686","21107",8367264
"1687","21108",35410943
"1688","21109",84598838
"1689","21110",61151102
"1690","21111",18782357
"1691","21112",8593817
"1692","21113",9278834
"1693","21114",10643873781
"1694","21115",85278781
"1695","21116",22974193
"1696","21117",32574886
"1697","21118",54010920
"1698","21119",1747330499
"1699","21120",7845153
"1700","21121",1421748
"1701","21122",24368082
"1702","21123",3384749
"1703","21124",27017048
"1704","21125",29640761
"1705","21126",14163297
"1706","21127",6130551
"1707","21128",22315791
"1708","21129",19186153
"1709","21130",3758273
"1710","21131",1084753
"1711","21132",604321974
"1712","21133",891586
"1713","21134",37237302
"1714","21135",319729
"1715","21136",26704997
"1716","21137",18778347
"1717","21138",25323994
"1718","21139",4480221
"1719","21140",1843033740
"1720","21141",4508193
"1721","21142",51343895
"1722","21143",86363130
"1723","21144",31633105
"1724","21145",43009257
"1725","21146",707017
"1726","21147",9182134
"1727","21148",18539528
"1728","21149",100915552
"1729","21150",8939188
"1730","21151",14962597
"1731","21152",22617630
"1732","21153",42202320
"1733","21154",380479343
"1734","21155",21734828
"1735","21156",1717270450
"1736","21157",19704794
"1737","21158",8980271
"1738","21159",3165419
"1739","21160",4592521
"1740","21161",43375936
"1741","21162",5825826
"1742","21163",45263563
"1743","21164",140386171
"1744","21165",701179
"1745","21166",29588211
"1746","21167",10068066
"1747","21168",8290955
"1748","21169",47048400
"1749","21170",29716101
"1750","21171",9624918
"1751","21172",50063712
"1752","21173",15415663
"1753","21174",444621583
"1754","21175",23827968
"1755","21176",16887622
"1756","21177",77757425
"1757","21178",22492821
"1758","21179",41763081
"1759","21180",196701752
"1760","21181",11954790
"1761","21182",9492161
"1762","21183",31973391
"1763","21184",6112545
"1764","21185",16081784
"1765","21186",89416030
"1766","21187",31746595
"1767","21188",185154124
"1768","21189",42175602
"1769","21190",1032902
"1770","21191",26205151
"1771","21192",9589177
"1772","21193",9109956
"1773","21194",44771088
"1774","21195",24531352
"1775","21196",1875878
"1776","21197",153487480
"1777","21198",1000791
"1778","21199",71145298
"1779","21200",4316498
"1780","21201",3277868
"1781","21202",39340129
"1782","21203",8199526
"1783","21204",14025845
"1784","21205",43728347
"1785","21206",4769548
"1786","21207",80513722
"1787","21208",168642362
"1788","21209",13408537
"1789","21210",4997269
"1790","21211",35976989
"1791","21212",22264933
"1792","21213",29322298
"1793","21214",46382393
"1794","21215",3129766
"1795","21216",1980102
"1796","21217",14257934
"1797","22001",195211864
"1798","22002",54175682
"1799","22003",22559126
"1800","22004",148782405
"1801","22005",192266387
"1802","22006",2469932376
"1803","22007",178660105
"1804","22008",147005810
"1805","22009",119549558
"1806","22010",54054079
"1807","22011",2041017257
"1808","22012",271119742
"1809","22013",40874620
"1810","22014",9192887620
"1811","22015",37680199
"1812","22016",1529840703
"1813","22017",219100397
"1814","22018",83758252
"1815","23001",379925063
"1816","23002",296179011
"1817","23003",144557000
"1818","23004",883774151
"1819","23005",6617601786
"1820","23006",63568518
"1821","23007",98586774
"1822","23008",3813870621
"1823","23009",266639934
"1824","23010",326172636
"1825","23011",375702063
"1826","24001",66567625
"1827","24002",8375993
"1828","24003",101643541
"1829","24004",6044191
"1830","24005",47727794
"1831","24006",15989183
"1832","24007",56294020
"1833","24008",58658646
"1834","24009",21355256
"1835","24010",42638855
"1836","24011",125102146
"1837","24012",66541989
"1838","24013",640326688
"1839","24014",92917900
"1840","24015",37001565
"1841","24016",97620255
"1842","24017",91278914
"1843","24018",42552869
"1844","24019",13443447
"1845","24020",412742137
"1846","24021",363243801
"1847","24022",47993082
"1848","24023",27342118
"1849","24024",293029335
"1850","24025",56892954
"1851","24026",13404677
"1852","24027",20429036
"1853","24028",14874842803
"1854","24029",19462657
"1855","24030",12661284
"1856","24031",11414083
"1857","24032",467482272
"1858","24033",6958863
"1859","24034",30638754
"1860","24035",3819350250
"1861","24036",66442805
"1862","24037",171835094
"1863","24038",15479914
"1864","24039",19960064
"1865","24040",107508601
"1866","24041",32258817
"1867","24042",29666546
"1868","24043",23918267
"1869","24044",10833608
"1870","24045",29302758
"1871","24046",44402852
"1872","24047",14246349
"1873","24048",21392337
"1874","24049",48107116
"1875","24050",144406015
"1876","24051",35944043
"1877","24052",13107418
"1878","24053",76721937
"1879","24054",62105105
"1880","24055",113710654
"1881","24056",92832458
"1882","24057",47390940
"1883","24058",46377422
"1884","25001",1495995803
"1885","25002",123909449
"1886","25003",25076606
"1887","25004",63990399
"1888","25005",31021342
"1889","25006",5537624350
"1890","25007",66253611
"1891","25008",182359115
"1892","25009",185921511
"1893","25010",259329855
"1894","25011",837554177
"1895","25012",2619463286
"1896","25013",131825126
"1897","25014",271031041
"1898","25015",261740553
"1899","25016",35002301
"1900","25017",153076120
"1901","25018",420873511
"1902","26001",18245310
"1903","26002",719698876
"1904","26003",79956285
"1905","26004",26701765
"1906","26005",10158407
"1907","26006",7050677
"1908","26007",7250027
"1909","26008",2578835
"1910","26009",1636523
"1911","26010",8562390
"1912","26011",4996035
"1913","26012",62483657
"1914","26013",9506009
"1915","26014",7774049
"1916","26015",1951921
"1917","26016",16928179
"1918","26017",368977439
"1919","26018",1571941485
"1920","26019",157684359
"1921","26020",13174378
"1922","26021",7869476
"1923","26022",2340243
"1924","26023",48917541
"1925","26024",1774270
"1926","26025",263185215
"1927","26026",129740164
"1928","26027",21005432
"1929","26028",2820957
"1930","26029",559938404
"1931","26030",10249642212
"1932","26031",5562431
"1933","26032",2584340
"1934","26033",181822265
"1935","26034",2166553
"1936","26035",58350355
"1937","26036",137888730
"1938","26037",3142670
"1939","26038",19426533
"1940","26039",25719054
"1941","26040",9153186
"1942","26041",86759608
"1943","26042",524895946
"1944","26043",2429730091
"1945","26044",983704
"1946","26045",26241837
"1947","26046",1589332
"1948","26047",32431872
"1949","26048",221116767
"1950","26049",7042987
"1951","26050",3518645
"1952","26051",9564185
"1953","26052",12870846
"1954","26053",2948951
"1955","26054",2886454
"1956","26055",2654045138
"1957","26056",29804891
"1958","26057",4374867
"1959","26058",45836558
"1960","26059",4695153
"1961","26060",4347416
"1962","26061",8994665
"1963","26062",3384385
"1964","26063",1905879
"1965","26064",5539033
"1966","26065",2922091
"1967","26066",35411453
"1968","26067",4079177
"1969","26068",8194637
"1970","26069",6492400
"1971","26070",37673040
"1972","26071",43742157
"1973","26072",28765732
"1974","27001",118637842
"1975","27002",813101346
"1976","27003",144103789
"1977","27004",2761273246
"1978","27005",514848826
"1979","27006",295573997
"1980","27007",74000269
"1981","27008",399659706
"1982","27009",76637981
"1983","27010",263460344
"1984","27011",68984425
"1985","27012",354569094
"1986","27013",564465829
"1987","27014",282308327
"1988","27015",334737714
"1989","27016",142776317
"1990","27017",132920764
"1991","28001",31635371
"1992","28002",122650281
"1993","28003",1218776974
"1994","28004",14460792
"1995","28005",10037123
"1996","28006",5224719
"1997","28007",44039580
"1998","28008",6110309
"1999","28009",1021507885
"2000","28010",2925869
"2001","28011",17238231
"2002","28012",88791182
"2003","28013",30086498
"2004","28014",12365654
"2005","28015",44746756
"2006","28016",33943205
"2007","28017",33413119
"2008","28018",8643445
"2009","28019",27993747
"2010","28020",2644221
"2011","28021",240363184
"2012","28022",2717070960
"2013","28023",5679348
"2014","28024",18006347
"2015","28025",80710431
"2016","28026",3100087
"2017","28027",3157276880
"2018","28028",7220968
"2019","28029",25877744
"2020","28030",22258285
"2021","28031",3184383
"2022","28032",3968315872
"2023","28033",344758287
"2024","28034",17938283
"2025","28035",117268574
"2026","28036",1439134
"2027","28037",46076842
"2028","28038",1740820958
"2029","28039",39056842
"2030","28040",240672471
"2031","28041",1259863524
"2032","28042",15709381
"2033","28043",67759718
"2034","29001",30108646
"2035","29002",52231934
"2036","29003",24112818
"2037","29004",30941207
"2038","29005",277732841
"2039","29006",132597840
"2040","29007",46187252
"2041","29008",45087114
"2042","29009",12437752
"2043","29010",214973963
"2044","29011",7586144
"2045","29012",33991249
"2046","29013",205460569
"2047","29014",33248553
"2048","29015",88410472
"2049","29016",15206374
"2050","29017",22661403
"2051","29018",84870352
"2052","29019",47392713
"2053","29020",16238745
"2054","29021",35276957
"2055","29022",124066541
"2056","29023",62825980
"2057","29024",114723295
"2058","29025",228081701
"2059","29026",64015149
"2060","29027",97561940
"2061","29028",112597594
"2062","29029",28891599
"2063","29030",24205008
"2064","29031",100055211
"2065","29032",72007063
"2066","29033",500489342
"2067","29034",96992390
"2068","29035",11187832
"2069","29036",65770148
"2070","29037",11751652
"2071","29038",60779213
"2072","29039",44433977
"2073","29040",20757147
"2074","29041",291239456
"2075","29042",33022487
"2076","29043",141031053
"2077","29044",128290286
"2078","29045",14689370
"2079","29046",6719061
"2080","29047",4809186
"2081","29048",0
"2082","29049",14846308
"2083","29050",25383310
"2084","29051",12341263
"2085","29052",11585940
"2086","29053",24427458
"2087","29054",15640927
"2088","29055",4687485
"2089","29056",17871548
"2090","29057",15857519
"2091","29058",44137917
"2092","29059",16712652
"2093","29060",12573718
"2094","30001",16255884
"2095","30002",4723426
"2096","30003",161179674
"2097","30004",174979309
"2098","30005",9163281
"2099","30006",39248562
"2100","30007",11490927
"2101","30008",10911110
"2102","30009",46418660
"2103","30010",97338349
"2104","30011",437655164
"2105","30012",16158066
"2106","30013",56125957
"2107","30014",156586136
"2108","30015",129665983
"2109","30016",75472984
"2110","30017",17154006
"2111","30018",1046191
"2112","30019",4847916
"2113","30020",9647884
"2114","30021",46820497
"2115","30022",102663620
"2116","30023",61823905
"2117","30024",32955140
"2118","30025",22121329
"2119","30026",103406889
"2120","30027",18305857
"2121","30028",820419758
"2122","30029",9907957
"2123","30030",90864003
"2124","30031",23504700
"2125","30032",69713755
"2126","30033",40432045
"2127","30034",49182075
"2128","30035",20087876
"2129","30036",27607490
"2130","30037",9419600
"2131","30038",371942114
"2132","30039",1401024022
"2133","30040",148915016
"2134","30041",19890192
"2135","30042",9722335
"2136","30043",22134425
"2137","30044",1956243754
"2138","30045",188784747
"2139","30046",30941827
"2140","30047",94416785
"2141","30048",339150478
"2142","30049",42278876
"2143","30050",17556515
"2144","30051",39771314
"2145","30052",19671004
"2146","30053",69358046
"2147","30054",17319238
"2148","30055",17238332
"2149","30056",8632731
"2150","30057",15186548
"2151","30058",87325167
"2152","30059",46462033
"2153","30060",26199136
"2154","30061",437080959
"2155","30062",43594857
"2156","30063",53504655
"2157","30064",3273906
"2158","30065",347835111
"2159","30066",87153311
"2160","30067",20398994
"2161","30068",288652978
"2162","30069",75222870
"2163","30070",24048897
"2164","30071",316085117
"2165","30072",39075635
"2166","30073",54065871
"2167","30074",14384550
"2168","30075",28050983
"2169","30076",6045689
"2170","30077",108771830
"2171","30078",16397039
"2172","30079",15984249
"2173","30080",30202925
"2174","30081",62274427
"2175","30082",36335343
"2176","30083",42997632
"2177","30084",17291458
"2178","30085",216893619
"2179","30086",64084487
"2180","30087",3001751276
"2181","30088",6208464
"2182","30089",90518147
"2183","30090",20924797
"2184","30091",38027939
"2185","30092",97900667
"2186","30093",29792777
"2187","30094",89209706
"2188","30095",16706174
"2189","30096",1616425
"2190","30097",39587829
"2191","30098",4628504
"2192","30099",50707539
"2193","30100",52152776
"2194","30101",58252477
"2195","30102",346463358
"2196","30103",7792951
"2197","30104",27309538
"2198","30105",555539757
"2199","30106",4878521
"2200","30107",2539113
"2201","30108",438616088
"2202","30109",195500366
"2203","30110",9609628
"2204","30111",34668959
"2205","30112",51756000
"2206","30113",21210760
"2207","30114",18411780
"2208","30115",68529611
"2209","30116",58500497
"2210","30117",35541264
"2211","30118",385750973
"2212","30119",12513487
"2213","30120",21270580
"2214","30121",76482755
"2215","30122",25155219
"2216","30123",223379410
"2217","30124",266938626
"2218","30125",52681200
"2219","30126",107548010
"2220","30127",30593622
"2221","30128",476832050
"2222","30129",27824288
"2223","30130",71732820
"2224","30131",676553710
"2225","30132",30452977
"2226","30133",168940884
"2227","30134",39659424
"2228","30135",48017048
"2229","30136",16554309
"2230","30137",5713873
"2231","30138",102803239
"2232","30139",12676750
"2233","30140",4267786
"2234","30141",260861357
"2235","30142",52287904
"2236","30143",77498479
"2237","30144",50522066
"2238","30145",41831793
"2239","30146",6969339
"2240","30147",14139319
"2241","30148",55698069
"2242","30149",18485427
"2243","30150",46012074
"2244","30151",59213811
"2245","30152",22458845
"2246","30153",8789997
"2247","30154",16005887
"2248","30155",267346878
"2249","30156",6074619
"2250","30157",30638652
"2251","30158",95745697
"2252","30159",32680358
"2253","30160",245030605
"2254","30161",59262116
"2255","30162",7059551
"2256","30163",21843310
"2257","30164",83480949
"2258","30165",12120965
"2259","30166",11099505
"2260","30167",21810709
"2261","30168",21851852
"2262","30169",38345506
"2263","30170",6045438
"2264","30171",6892273
"2265","30172",30026217
"2266","30173",88465789
"2267","30174",226304539
"2268","30175",162401369
"2269","30176",6622195
"2270","30177",13052693
"2271","30178",26379564
"2272","30179",5349535
"2273","30180",11807237
"2274","30181",116182507
"2275","30182",47411990
"2276","30183",143290039
"2277","30184",7865710
"2278","30185",11348050
"2279","30186",13839681
"2280","30187",6657562
"2281","30188",28990686
"2282","30189",498279000
"2283","30190",3047785
"2284","30191",81720879
"2285","30192",35467207
"2286","30193",2858340095
"2287","30194",26269884
"2288","30195",5271178
"2289","30196",78004645
"2290","30197",17292770
"2291","30198",11625345
"2292","30199",25606672
"2293","30200",21881998
"2294","30201",52622616
"2295","30202",6321095
"2296","30203",35060050
"2297","30204",140061647
"2298","30205",44829894
"2299","30206",72384430
"2300","30207",96790829
"2301","30208",59774502
"2302","30209",13187868
"2303","30210",64269732
"2304","30211",93534294
"2305","30212",8436450
"2306","31001",14012314
"2307","31002",45023915
"2308","31003",18637463
"2309","31004",14044260
"2310","31005",4163764
"2311","31006",18414883
"2312","31007",29503820
"2313","31008",10661300
"2314","31009",9420467
"2315","31010",40917517
"2316","31011",13321728
"2317","31012",4654041
"2318","31013",103265617
"2319","31014",3113416
"2320","31015",11991229
"2321","31016",2911497
"2322","31017",6477203
"2323","31018",5268429
"2324","31019",217193363
"2325","31020",12880816
"2326","31021",10001633
"2327","31022",3401399
"2328","31023",12681996
"2329","31024",5746409
"2330","31025",9272189
"2331","31026",7979884
"2332","31027",21268052
"2333","31028",4694742
"2334","31029",10452536
"2335","31030",9522066
"2336","31031",3584434
"2337","31032",23276255
"2338","31033",41982529
"2339","31034",12434982
"2340","31035",19530392
"2341","31036",19036615
"2342","31037",10516493
"2343","31038",86254455
"2344","31039",14492254
"2345","31040",61368225
"2346","31041",773912200
"2347","31042",8507480
"2348","31043",6060422
"2349","31044",14040983
"2350","31045",5505645
"2351","31046",4735003
"2352","31047",7932081
"2353","31048",60832028
"2354","31049",5538035
"2355","31050",12172061722
"2356","31051",9242745
"2357","31052",94518302
"2358","31053",35156632
"2359","31054",8078054
"2360","31055",15717843
"2361","31056",72265148
"2362","31057",14180076
"2363","31058",47535192
"2364","31059",1489777882
"2365","31060",1655623
"2366","31061",7680458
"2367","31062",10248464
"2368","31063",11302450
"2369","31064",3168258
"2370","31065",5916516
"2371","31066",7292183
"2372","31067",27023876
"2373","31068",4870431
"2374","31069",18583067
"2375","31070",10616258
"2376","31071",2741968
"2377","31072",3723492
"2378","31073",4337732
"2379","31074",8298291
"2380","31075",11598870
"2381","31076",38367536
"2382","31077",3853682
"2383","31078",11427430
"2384","31079",117994794
"2385","31080",26009829
"2386","31081",4927341
"2387","31082",9535501
"2388","31083",7065734
"2389","31084",11707504
"2390","31085",52896542
"2391","31086",3355067
"2392","31087",10187777
"2393","31088",2736272
"2394","31089",90709103
"2395","31090",19240041
"2396","31091",19661398
"2397","31092",7368286
"2398","31093",51230482
"2399","31094",7780059
"2400","31095",14540384
"2401","31096",179747846
"2402","31097",5851583
"2403","31098",21587947
"2404","31099",16812936
"2405","31100",12161589
"2406","31101",270913348
"2407","31102",283875235
"2408","31103",12553852
"2409","31104",28046331
"2410","31105",11778715
"2411","31106",4264074
"2412","32001",17338071
"2413","32002",13507845
"2414","32003",3864785
"2415","32004",13577764
"2416","32005",113445881
"2417","32006",42896985
"2418","32007",54479511
"2419","32008",39010169
"2420","32009",13779016
"2421","32010",763021822
"2422","32011",37675893
"2423","32012",17941972
"2424","32013",15169531
"2425","32014",23144748
"2426","32015",2967730
"2427","32016",33240863
"2428","32017",859694777
"2429","32018",12525785
"2430","32019",65746027
"2431","32020",154882725
"2432","32021",4421515
"2433","32022",38561344
"2434","32023",33621991
"2435","32024",125003160
"2436","32025",22097482
"2437","32026",27826851
"2438","32027",7104713
"2439","32028",5197842
"2440","32029",45501517
"2441","32030",5850866
"2442","32031",29235846
"2443","32032",33464385
"2444","32033",9008176
"2445","32034",72967670
"2446","32035",26331272
"2447","32036",86515375
"2448","32037",26617941
"2449","32038",95077586
"2450","32039",140633968
"2451","32040",27110577
"2452","32041",3058324
"2453","32042",145562190
"2454","32043",3670827
"2455","32044",33235829
"2456","32045",19082709
"2457","32046",7456340
"2458","32047",22471615
"2459","32048",91134537
"2460","32049",100416293
"2461","32050",16836354
"2462","32051",63591214
"2463","32052",42904280
"2464","32053",17524892
"2465","32054",21626582
"2466","32055",94535295
"2467","32056",651639297
"2468","32057",39805172
"2469","32058",5091644
