"","loc","POBTOT","pob_urb","P60"
"1",1.01,1140916,1045166,116390
"2",2.01,443807,399691,53463
"3",2.02,1049792,966003,122934
"4",2.03,2157853,2096809,195109
"5",3.01,292241,270846,37267
"6",4.01,294077,267558,37321
"7",5.01,1434283,1252140,164764
"8",5.02,374247,365727,46985
"9",5.03,209456,206172,20248
"10",5.04,1031779,996551,100207
"11",6.01,380575,346843,52274
"12",6.02,143931,130637,17099
"13",7.01,353706,254201,37919
"14",7.02,848274,744706,86837
"15",8.01,988065,974318,121637
"16",8.02,195359,173136,25158
"17",8.03,121666,118270,16411
"18",8.04,1512450,1504934,134989
"19",9.01,21804515,21250266,2967831
"20",10.01,688697,623992,75853
"21",11.01,767104,616915,86850
"22",11.02,194500,150620,20789
"23",11.03,1924771,1756028,183913
"24",11.04,108755,94066,16623
"25",11.05,214713,147190,19887
"26",12.01,852622,720194,117874
"27",12.02,336480,295372,33902
"28",13.01,665929,532423,78116
"29",13.02,256795,202505,28728
"30",13.03,268351,201513,30728
"31",14.01,5268642,5121034,600017
"32",14.02,184603,157947,21733
"33",14.03,479471,447194,42157
"34",15.01,183281,132778,17561
"35",15.02,2353924,2002674,236325
"36",16.01,261450,149826,35000
"37",16.02,988704,866971,121856
"38",16.03,273641,247628,32588
"39",17.01,483455,367790,64440
"40",17.02,1028589,911142,147097
"41",18.01,491153,443807,60171
"42",19.01,5341177,5261617,585321
"43",20.01,713925,646228,84903
"44",20.02,179870,150322,24247
"45",21.01,3199530,3020740,360009
"46",21.02,357621,338779,33766
"47",21.03,138806,107418,13840
"48",22.01,1594212,1415502,160986
"49",23.01,934189,928428,60983
"50",23.02,233648,186858,25741
"51",24.01,146049,94433,21102
"52",24.02,1271366,1206169,141573
"53",25.01,1003530,887536,111713
"54",25.02,501441,474212,66475
"55",26.01,208294,175083,27786
"56",26.02,936263,908665,104402
"57",26.03,264782,261137,21032
"58",27.01,833907,667587,91357
"59",28.01,349688,332100,44810
"60",28.02,541979,516075,54690
"61",28.03,425058,423830,42464
"62",28.04,837251,813143,73008
"63",28.05,927379,859679,132895
"64",29.01,570308,509574,64333
"65",30.01,114416,82278,15207
"66",30.02,355738,340360,48515
"67",30.03,335950,241961,46895
"68",30.04,359228,274229,50586
"69",30.05,465175,386858,65949
"70",30.06,521530,337058,81782
"71",30.07,939046,827460,139857
"72",30.08,789157,681388,108578
"73",31.01,1316088,1237948,167870
"74",32.01,405285,370752,40547
"75",1002,51536,17760,4697
"76",1003,58250,28367,7829
"77",1004,17000,8477,1613
"78",1006,47646,35351,4481
"79",1007,57369,42562,5264
"80",1008,9552,5607,956
"81",1009,22485,9114,2158
"82",1010,20853,6307,1988
"83",2006,117568,76417,7796
"84",3001,73021,58680,9649
"85",3002,64022,42684,6741
"86",3008,351111,338979,19895
"87",3009,18052,16311,2056
"88",4001,59232,45571,7445
"89",4003,248845,219186,23814
"90",4004,78170,48846,8353
"91",4005,31917,21026,3659
"92",4006,42140,15852,4331
"93",4007,8683,3485,1164
"94",4008,11452,8748,1273
"95",4009,59923,35338,5915
"96",4010,31714,5729,2560
"97",4011,46913,11121,4804
"98",4012,15297,14127,1977
"99",5001,1022,0,230
"100",5002,163058,160225,11800
"101",5003,23056,21376,2770
"102",5005,1643,0,299
"103",5007,12715,10395,1668
"104",5008,3047,0,433
"105",5011,11898,5535,1781
"106",5012,1643,0,286
"107",5013,1735,0,201
"108",5014,9502,3303,1163
"109",5015,1584,0,225
"110",5016,1764,0,343
"111",5019,7928,6720,1017
"112",5020,71627,67247,9377
"113",5021,6539,4526,922
"114",5023,9642,3651,1187
"115",5024,44472,34798,5952
"116",5026,3239,0,499
"117",5028,64811,62643,8148
"118",5029,2471,0,328
"119",5032,42260,39058,6927
"120",5033,101041,60170,12742
"121",5034,6744,4573,563
"122",5036,20305,3522,2569
"123",5037,6188,5443,785
"124",5038,13135,11150,1818
"125",6006,5623,2985,909
"126",6007,191031,172159,20091
"127",6008,10231,6075,1184
"128",7001,17994,8092,1839
"129",7002,21187,15001,2424
"130",7003,26899,6247,3358
"131",7004,36160,10618,2223
"132",7005,24512,4327,1818
"133",7006,31735,5820,3348
"134",7007,11283,5920,844
"135",7008,31947,18685,2768
"136",7009,41135,28908,6068
"137",7010,7365,0,741
"138",7011,20157,0,2227
"139",7013,37263,14200,2210
"140",7014,24273,11630,1336
"141",7015,50112,24504,5653
"142",7016,17619,3344,2738
"143",7017,88106,52670,9942
"144",7018,9900,3770,978
"145",7019,166178,116220,16157
"146",7020,49920,17300,5114
"147",7021,22192,7125,2684
"148",7022,21915,0,858
"149",7023,101967,4727,6657
"150",7024,13678,9533,804
"151",7025,7472,3498,799
"152",7026,47371,4369,2248
"153",7028,6156,4329,704
"154",7029,5402,3947,582
"155",7030,36785,10429,3590
"156",7031,137262,22052,7276
"157",7032,30896,10624,3653
"158",7033,7245,0,554
"159",7034,80897,28585,7684
"160",7035,14556,6784,1547
"161",7036,7701,0,740
"162",7037,36333,15296,4157
"163",7038,22975,0,2017
"164",7039,27893,3508,2100
"165",7040,53242,32109,6170
"166",7041,46409,14980,4105
"167",7042,11377,3674,964
"168",7043,10961,5309,1096
"169",7044,28999,6481,2160
"170",7045,6284,0,590
"171",7046,41063,14169,6155
"172",7047,24966,11250,1431
"173",7048,21807,7809,2789
"174",7049,31259,3954,1553
"175",7050,5232,0,871
"176",7051,46130,19271,5501
"177",7052,141027,33196,10076
"178",7053,7901,0,1006
"179",7054,28250,12219,3442
"180",7055,5876,2860,707
"181",7056,13755,0,572
"182",7057,76398,30545,7378
"183",7058,4765,4765,334
"184",7059,234661,74436,13329
"185",7060,14088,5330,1089
"186",7061,97397,47951,8417
"187",7062,18469,3141,1775
"188",7063,3983,0,373
"189",7064,54932,13981,3574
"190",7065,132265,51797,10571
"191",7066,26391,8629,1373
"192",7067,12266,0,1030
"193",7068,31919,15244,3633
"194",7069,51193,18219,6939
"195",7070,12263,0,1179
"196",7071,30297,8222,3527
"197",7072,29636,12805,1830
"198",7073,10866,6860,819
"199",7074,44829,29018,4303
"200",7075,28829,21194,2658
"201",7076,29889,6190,2307
"202",7077,64251,6181,5663
"203",7078,215874,183509,16605
"204",7080,25937,3645,2351
"205",7081,52935,20613,2963
"206",7082,15518,0,804
"207",7083,19092,5244,1974
"208",7084,8561,0,856
"209",7085,10890,7994,946
"210",7087,41672,22581,3620
"211",7088,2308,0,242
"212",7090,4547,0,533
"213",7091,13592,8421,1263
"214",7092,21426,4950,2460
"215",7093,48162,8464,2916
"216",7094,49499,25636,3513
"217",7096,83505,27668,6061
"218",7097,91913,52357,11637
"219",7098,7211,4600,583
"220",7099,83111,23803,8950
"221",7100,38025,10962,3373
"222",7102,41024,16539,4878
"223",7103,30302,6106,3395
"224",7104,16560,9412,1900
"225",7105,16008,7321,2179
"226",7106,67292,41780,6929
"227",7107,65643,42321,7093
"228",7108,109536,74664,12369
"229",7109,40285,18926,3281
"230",7110,7526,4998,626
"231",7111,45373,20545,2995
"232",7112,37948,11799,1787
"233",7113,8480,0,398
"234",7114,23603,10026,1509
"235",7115,14714,2705,908
"236",7116,12892,2769,819
"237",7117,8412,3191,633
"238",7118,6047,3869,339
"239",7119,4959,0,208
"240",7120,4315,0,316
"241",7121,8718,6732,558
"242",7122,15587,11949,2005
"243",7123,10783,5240,1316
"244",7124,23847,7968,2220
"245",7125,11650,0,961
"246",8001,14635,10510,1403
"247",8003,8487,4608,1633
"248",8005,26093,21108,2658
"249",8006,5807,0,1250
"250",8007,16440,0,1839
"251",8008,11270,0,1046
"252",8009,23351,15383,2780
"253",8010,25146,20179,3095
"254",8011,49499,42019,6747
"255",8012,8113,0,1207
"256",8013,11815,7134,1682
"257",8014,2034,0,429
"258",8015,1230,0,255
"259",8016,3704,0,629
"260",8017,180638,145782,20497
"261",8018,5099,0,984
"262",8020,6222,0,794
"263",8022,2456,0,846
"264",8023,6656,2504,618
"265",8024,3791,0,809
"266",8025,7023,4484,1432
"267",8026,2448,0,709
"268",8027,50180,17410,4618
"269",8028,4237,0,604
"270",8029,50514,9186,4067
"271",8030,8196,2746,976
"272",8031,35473,19115,5786
"273",8033,824,0,199
"274",8034,5196,2830,1218
"275",8035,11005,3194,1212
"276",8036,40859,35087,5211
"277",8038,4980,0,875
"278",8039,4122,0,763
"279",8040,25144,17714,4012
"280",8041,1302,0,203
"281",8042,1178,0,276
"282",8043,2742,0,630
"283",8044,4314,2694,787
"284",8046,7266,0,718
"285",8047,4447,0,575
"286",8048,22712,5882,4403
"287",8049,2757,0,482
"288",8050,65753,62038,8103
"289",8051,8127,0,818
"290",8052,24534,22066,3527
"291",8053,5111,0,811
"292",8054,7695,0,1001
"293",8055,16776,8627,2498
"294",8056,2079,0,482
"295",8057,2197,0,572
"296",8058,2696,0,544
"297",8060,11582,9169,1762
"298",8061,3414,0,867
"299",8062,29862,14898,4481
"300",8063,5320,0,1081
"301",8064,1448,0,328
"302",8065,17043,0,1892
"303",8066,6512,0,847
"304",8067,4775,0,1055
"305",10001,31454,11943,4589
"306",10002,4321,0,429
"307",10003,4084,0,530
"308",10004,34955,17279,4387
"309",10006,10038,0,1528
"310",10008,36695,27879,4854
"311",10009,9869,3852,1341
"312",10010,3843,0,784
"313",10011,4748,0,1030
"314",10013,26932,20679,2955
"315",10014,48583,0,2964
"316",10015,12894,3892,2118
"317",10016,19060,5953,2803
"318",10017,8003,2765,1686
"319",10018,10384,6342,1924
"320",10019,4924,0,483
"321",10020,12656,5256,2023
"322",10021,11118,5911,1647
"323",10022,25623,11509,3593
"324",10023,51269,29371,4018
"325",10024,12818,5079,1991
"326",10025,2837,0,738
"327",10026,17333,5817,1698
"328",10027,5251,0,859
"329",10028,12013,3161,1874
"330",10029,2103,0,351
"331",10030,1633,0,312
"332",10031,6727,3999,1153
"333",10032,49207,32618,5912
"334",10033,6917,4071,1011
"335",10034,26300,3222,2294
"336",10035,11378,5490,1958
"337",10036,21143,11708,2834
"338",10037,9320,2897,909
"339",10038,23476,17967,2954
"340",10039,27981,12850,3391
"341",11001,92040,33241,11108
"342",11002,108697,69614,18338
"343",11003,174615,78508,20204
"344",11005,117883,82526,9749
"345",11006,5296,0,907
"346",11008,41240,16092,5644
"347",11010,11083,3913,1531
"348",11012,30857,15305,4165
"349",11013,27390,6192,2606
"350",11014,163038,69672,15765
"351",11016,21128,5740,3005
"352",11017,592953,505779,64480
"353",11018,38782,28350,5217
"354",11019,49517,10849,7103
"355",11022,26383,7324,2789
"356",11024,12403,3562,1742
"357",11026,65766,24757,7132
"358",11027,273417,208088,35783
"359",11028,94126,63360,15847
"360",11029,41054,11193,4406
"361",11030,119793,47539,11952
"362",11032,89558,34456,7449
"363",11033,128536,64359,11854
"364",11034,5723,0,726
"365",11035,82340,56803,8734
"366",11036,6714,3966,1341
"367",11038,11304,5651,1953
"368",11039,35905,16671,5905
"369",11040,20007,0,1890
"370",11042,150054,75678,20185
"371",11043,21253,2842,2620
"372",11045,11143,0,1661
"373",11046,68741,33983,11210
"374",12002,25205,4072,2994
"375",12003,37655,12945,5132
"376",12004,21225,3115,2421
"377",12005,7813,4653,1014
"378",12006,11112,7256,1823
"379",12007,33267,22534,4659
"380",12008,9147,3156,1468
"381",12009,5811,0,692
"382",12010,28491,6379,2485
"383",12011,60680,31957,9392
"384",12012,69123,20785,6207
"385",12013,15099,4676,2385
"386",12014,15442,7494,3067
"387",12015,12982,7233,2214
"388",12016,12408,0,1854
"389",12017,15579,3637,2424
"390",12018,14463,6839,2097
"391",12019,15598,7862,1589
"392",12020,21648,3435,2013
"393",12022,38554,10144,6162
"394",12023,26627,14494,3749
"395",12024,7874,0,909
"396",12025,17024,4073,2170
"397",12026,8272,0,1579
"398",12027,20537,4717,3710
"399",12028,123722,51541,13492
"400",12030,22250,13440,2834
"401",12031,6278,0,1073
"402",12032,37254,8442,3295
"403",12033,17488,7783,2293
"404",12034,36593,21061,6329
"405",12035,154173,138202,19975
"406",12036,11739,3110,1254
"407",12037,6138,0,1061
"408",12038,126001,104672,13319
"409",12039,26093,12262,3777
"410",12040,26357,15745,2898
"411",12041,29625,0,3046
"412",12042,18613,7629,2116
"413",12043,18859,4011,1672
"414",12044,12402,6052,1699
"415",12045,28446,11315,3234
"416",12046,68207,45407,6625
"417",12047,7076,0,980
"418",12048,44583,30356,5984
"419",12049,12753,6184,1722
"420",12050,38482,29114,4685
"421",12051,36143,11029,4381
"422",12052,46270,20485,4399
"423",12053,50124,21215,7000
"424",12054,24139,4310,2985
"425",12055,105586,69139,14581
"426",12056,46063,11483,5664
"427",12057,65237,38239,10172
"428",12058,53817,27949,8123
"429",12059,30806,9639,5329
"430",12060,13552,0,1838
"431",12061,43171,31241,5450
"432",12062,22781,5033,2200
"433",12063,10092,0,1091
"434",12064,11681,4299,2226
"435",12065,7602,2529,1071
"436",12066,96125,62589,7880
"437",12067,22209,10863,3208
"438",12068,26349,6656,3973
"439",12069,11966,4406,1540
"440",12070,7862,5421,1390
"441",12071,29891,9803,3014
"442",12072,12004,0,1031
"443",12073,18031,3679,2745
"444",12074,21977,11934,2843
"445",12076,40197,2769,2432
"446",12077,14280,6857,1883
"447",12078,21241,3697,1924
"448",12079,18381,0,1390
"449",12080,7559,3530,1244
"450",12081,11679,0,1179
"451",13001,22268,0,2625
"452",13002,46065,19759,4188
"453",13003,61002,44679,7839
"454",13004,10313,0,1290
"455",13005,18872,12812,2649
"456",13006,19162,0,3079
"457",13007,12546,5618,1578
"458",13008,46681,34443,6246
"459",13009,19836,6250,2309
"460",13011,19812,2960,3554
"461",13012,30135,8417,4067
"462",13014,16150,4235,3225
"463",13015,19431,0,2789
"464",13017,12967,0,2177
"465",13018,22903,4054,3152
"466",13019,18909,2512,2504
"467",13020,2593,0,653
"468",13021,15175,9584,2087
"469",13023,36248,21191,4966
"470",13024,17607,0,2271
"471",13025,20673,3806,4671
"472",13026,12766,0,1854
"473",13027,22846,2993,3578
"474",13028,126781,54615,16169
"475",13029,47425,16878,6597
"476",13030,98654,44732,11218
"477",13031,12290,4582,2173
"478",13032,10523,5919,1713
"479",13033,2895,0,584
"480",13034,9474,0,1617
"481",13035,13078,0,1455
"482",13036,9449,0,1675
"483",13037,20962,3274,3591
"484",13038,8878,0,1091
"485",13040,9819,0,1802
"486",13041,47222,30898,5783
"487",13042,11578,4995,1998
"488",13043,6265,0,1060
"489",13044,16948,0,3064
"490",13045,9295,0,1184
"491",13046,38492,15122,6142
"492",13047,4748,0,906
"493",13049,18723,0,2428
"494",13050,23641,20385,3211
"495",13053,17699,2764,2683
"496",13054,36796,6696,4991
"497",13055,18329,5254,2383
"498",13057,15142,4805,1956
"499",13058,17441,4030,2650
"500",13059,38010,9261,4762
"501",13060,17503,2614,2388
"502",13061,56245,48105,8512
"503",13062,31235,0,3576
"504",13063,90546,65954,9699
"505",13064,10830,0,1769
"506",13065,11768,9145,1427
"507",13066,13032,8968,1452
"508",13067,55134,36203,6014
"509",13068,14340,0,2257
"510",13071,9086,0,1813
"511",13072,11113,8062,1683
"512",13073,37722,8669,4754
"513",13075,21362,16700,2175
"514",13078,18260,0,2751
"515",13079,7015,0,1447
"516",13080,24674,4941,3518
"517",13081,38155,29472,3862
"518",13084,39927,14732,5503
"519",14001,23175,15927,2714
"520",14003,23630,19733,3364
"521",14004,5743,3025,888
"522",14005,16490,12180,1750
"523",14006,60386,40620,9624
"524",14007,9433,5595,1445
"525",14008,80609,63933,8599
"526",14009,21115,15419,2192
"527",14010,7758,6434,793
"528",14011,5599,0,990
"529",14012,4176,0,800
"530",14013,64009,40703,7731
"531",14014,8689,5389,1505
"532",14015,64931,52019,8793
"533",14016,41552,28016,4931
"534",14017,12880,7469,2190
"535",14018,67937,41577,9347
"536",14019,7043,0,551
"537",14020,10940,3835,1676
"538",14021,20548,14683,3198
"539",14022,40139,33547,4932
"540",14023,115141,111975,14744
"541",14024,29267,19188,4717
"542",14025,19689,15129,2720
"543",14026,6334,5113,995
"544",14027,18370,2794,2450
"545",14028,2166,0,452
"546",14029,17820,5011,2787
"547",14030,55196,49411,11106
"548",14031,3270,0,505
"549",14032,5983,4299,762
"550",14033,21226,11612,3016
"551",14034,1981,0,492
"552",14035,53039,31895,6677
"553",14036,20011,14697,2850
"554",14037,25920,22738,3742
"555",14038,4199,0,816
"556",14040,8732,3500,1215
"557",14041,5920,3762,1242
"558",14042,10015,5949,1583
"559",14043,23258,7954,3513
"560",14045,20465,6882,2992
"561",14046,32678,24890,4038
"562",14048,18982,9436,2722
"563",14049,9425,0,1218
"564",14050,47105,39089,5762
"565",14052,5534,3528,1019
"566",14053,172403,123184,17780
"567",14054,5368,3125,1275
"568",14055,21781,16873,2782
"569",14056,1815,0,344
"570",14057,4099,2728,719
"571",14058,14451,9272,2551
"572",14059,14043,8142,1789
"573",14060,5307,3349,1058
"574",14061,22083,2639,1794
"575",14062,3638,0,678
"576",14064,33588,19859,3487
"577",14065,11386,6668,2033
"578",14068,11303,5965,2045
"579",14069,7734,0,1662
"580",14071,2924,0,473
"581",14072,7609,6025,1012
"582",14073,72230,57728,7429
"583",14074,16792,14520,2332
"584",14075,3791,3478,632
"585",14076,3095,0,512
"586",14077,28102,15151,5134
"587",14078,31965,25925,4258
"588",14079,16431,14677,1909
"589",14080,5086,0,990
"590",14081,3515,0,781
"591",14082,37186,36462,4770
"592",14083,87690,71448,9000
"593",14084,14997,10112,2422
"594",14085,38955,22997,6525
"595",14086,21245,9899,1830
"596",14087,16705,13243,2740
"597",14088,16603,9668,2847
"598",14089,4072,2856,652
"599",14090,7302,4940,1394
"600",14091,39839,27436,5618
"601",14092,11039,3986,2191
"602",14093,150190,127483,16619
"603",14094,44353,34286,4638
"604",14095,9647,3950,1546
"605",14096,22758,19431,3284
"606",14099,11219,3238,1543
"607",14100,36316,19355,5084
"608",14102,5961,3706,1119
"609",14103,7565,6683,1257
"610",14104,4180,0,959
"611",14105,23573,13809,3070
"612",14106,5482,0,802
"613",14107,6702,3814,1012
"614",14108,37518,30471,5226
"615",14109,19069,8737,2391
"616",14110,13799,9529,2490
"617",14111,6627,4628,929
"618",14112,6151,4418,1149
"619",14113,16548,5109,2306
"620",14114,19063,16650,2839
"621",14115,5525,4023,972
"622",14116,20088,15594,2348
"623",14117,4388,3024,863
"624",14118,22394,14497,4181
"625",14119,30472,20345,4444
"626",14121,33713,30172,4524
"627",14122,7466,4214,1137
"628",14123,19279,6410,2453
"629",14125,18341,10521,2161
"630",15001,67872,10652,7502
"631",15003,49266,2832,5188
"632",15004,15333,3158,1825
"633",15007,23675,8918,2145
"634",15008,25244,3022,4430
"635",15014,109384,69252,9638
"636",15021,38643,6944,3549
"637",15026,31737,13964,2998
"638",15032,37436,13856,2872
"639",15040,36911,19326,4115
"640",15041,6475,0,749
"641",15042,160139,122094,15297
"642",15045,87671,43422,9732
"643",15047,76826,24363,7450
"644",15048,69264,37690,7417
"645",15049,15428,9876,1551
"646",15052,28155,12015,3363
"647",15056,33164,19064,3714
"648",15063,36223,3138,3370
"649",15064,36937,5970,3974
"650",15066,4891,0,598
"651",15071,14985,3211,1890
"652",15074,144924,68772,11257
"653",15077,6692,0,804
"654",15078,9729,0,1098
"655",15079,14323,5706,1652
"656",15080,24145,6543,3128
"657",15082,79282,34187,8835
"658",15085,66414,29794,7695
"659",15086,35014,0,3594
"660",15088,104677,65813,10366
"661",15097,18482,2915,1898
"662",15102,16414,0,2159
"663",15105,31762,2503,5309
"664",15107,12912,7021,1959
"665",15110,61590,32223,6115
"666",15111,53275,6294,4204
"667",15113,69086,34778,5770
"668",15114,108196,22553,7745
"669",15116,5109,3477,511
"670",15117,13522,3089,1836
"671",15119,18833,4831,1897
"672",15123,28822,8704,3924
"673",15124,100082,5328,7499
"674",16001,11301,7439,1546
"675",16002,14754,11055,2219
"676",16003,23000,9513,3156
"677",16004,14943,5044,2596
"678",16005,10892,3977,1336
"679",16006,126191,105629,14214
"680",16007,3529,0,443
"681",16008,24676,0,2801
"682",16009,36268,18097,4362
"683",16010,20332,11046,2902
"684",16011,11681,8443,1668
"685",16012,45538,30500,5008
"686",16013,9176,4149,1342
"687",16014,17022,12024,2098
"688",16015,19633,13806,2587
"689",16016,20965,6593,4279
"690",16017,35070,7079,4124
"691",16018,9484,3165,1362
"692",16019,20198,14074,3287
"693",16020,29910,22320,4284
"694",16021,13539,11494,1767
"695",16023,10417,6596,1819
"696",16024,20586,19912,2284
"697",16025,40560,29812,4340
"698",16026,4773,0,689
"699",16027,4944,0,1109
"700",16028,5233,2580,1277
"701",16029,12342,4407,1793
"702",16030,11850,4358,2588
"703",16031,16112,0,2462
"704",16032,15715,6084,2489
"705",16033,21466,12309,2691
"706",16034,125712,87132,14263
"707",16035,30627,12820,4356
"708",16036,11644,6689,2168
"709",16037,7945,2595,1969
"710",16038,41973,23836,6975
"711",16039,9015,3251,987
"712",16040,18385,11099,2325
"713",16041,16043,6194,1870
"714",16042,14302,5091,2390
"715",16044,12946,3974,2738
"716",16045,36158,24662,6039
"717",16046,14936,6566,1974
"718",16047,19834,5011,2446
"719",16048,5745,2664,815
"720",16049,19086,7633,2109
"721",16050,89311,48914,10093
"722",16051,13983,10466,2048
"723",16052,196003,180495,19440
"724",16054,7983,2526,1673
"725",16055,45732,38019,5356
"726",16056,32598,29631,3683
"727",16057,8196,3910,1202
"728",16058,20981,16745,1930
"729",16059,9027,0,1189
"730",16060,9437,4788,1491
"731",16061,24774,7695,2096
"732",16062,21028,14634,2998
"733",16063,14889,5267,2743
"734",16064,26832,14169,3139
"735",16065,39657,31647,4596
"736",16066,98382,72955,12063
"737",16067,16621,3357,3201
"738",16068,29389,17652,2816
"739",16070,15503,13821,2650
"740",16071,69260,39414,10417
"741",16072,13961,9473,1982
"742",16073,27176,20642,3820
"743",16074,10553,7251,1634
"744",16075,78935,62716,8515
"745",16076,78477,70042,9744
"746",16077,17677,6477,3261
"747",16078,12812,7220,2332
"748",16079,49896,31315,5215
"749",16080,19833,2763,2343
"750",16081,9076,0,1179
"751",16082,79540,42747,8376
"752",16083,33453,8133,3066
"753",16084,31716,26647,3393
"754",16085,35256,22043,5263
"755",16086,15534,8707,2364
"756",16087,15589,7117,2061
"757",16089,24074,17293,3410
"758",16090,16325,14836,1751
"759",16091,14934,7788,2179
"760",16092,12836,3664,1907
"761",16093,28556,3627,3309
"762",16094,6420,3002,1496
"763",16095,12325,7785,2033
"764",16096,5971,0,876
"765",16097,29056,6845,3927
"766",16098,25757,8962,3299
"767",16099,14329,2959,2242
"768",16100,14911,7780,2149
"769",16101,8855,0,1237
"770",16102,356786,334669,41551
"771",16103,23469,18574,3871
"772",16104,15864,6388,3151
"773",16105,20982,14990,2932
"774",16106,32303,26691,3899
"775",16107,76829,61978,11768
"776",16109,3232,0,762
"777",16110,49005,19870,7470
"778",16111,18402,8807,1816
"779",16112,157056,96812,17834
"780",16113,26213,10132,4755
"781",17001,17598,8530,2616
"782",17003,39174,28437,4680
"783",17005,10520,0,1630
"784",17010,18402,13716,2220
"785",17012,57682,47337,9034
"786",17013,16694,15401,2300
"787",17014,9653,4178,1478
"788",17015,15802,7466,2355
"789",17016,19219,12596,2189
"790",17017,40018,29777,5865
"791",17019,28122,20437,4077
"792",17021,7617,4781,1236
"793",17022,14853,12162,1432
"794",17023,7943,4383,848
"795",17025,33789,18342,5252
"796",17027,12750,9471,1498
"797",17031,36094,32697,6004
"798",17032,9965,9170,1463
"799",17033,16574,14847,1730
"800",17034,11347,9672,1247
"801",17035,27805,24073,2303
"802",17036,7855,7352,909
"803",18001,37232,19976,6032
"804",18002,15393,7259,2749
"805",18003,11536,3267,2310
"806",18004,77436,55988,11303
"807",18005,12230,3666,1270
"808",18006,29299,25477,4098
"809",18007,19321,13360,2508
"810",18009,47550,6671,3077
"811",18010,33567,8476,5537
"812",18011,24096,14678,3227
"813",18012,41518,21227,6548
"814",18013,7683,4007,1504
"815",18014,24911,8484,3549
"816",18015,93981,42837,15684
"817",18016,37135,21250,7384
"818",18018,30064,24870,5234
"819",18019,13719,0,1446
"820",19002,3382,0,878
"821",19003,1407,0,380
"822",19004,35289,28843,4687
"823",19005,18030,16414,2651
"824",19007,14992,5271,2755
"825",19008,3661,3524,669
"826",19011,7340,6739,1207
"827",19013,9930,8264,1777
"828",19014,36088,11822,5646
"829",19015,1360,0,327
"830",19016,3256,0,482
"831",19017,40903,10387,6380
"832",19020,5506,4036,923
"833",19022,14109,6490,2905
"834",19023,1808,0,476
"835",19024,6282,2986,965
"836",19027,1959,0,564
"837",19028,1386,0,249
"838",19029,7026,5854,1256
"839",19030,3298,0,603
"840",19032,5351,5086,849
"841",19033,84666,70378,11279
"842",19034,5119,2791,638
"843",19035,1483,0,305
"844",19036,7652,0,1130
"845",19037,6048,5277,713
"846",19038,67428,54467,9394
"847",19040,906,0,258
"848",19042,5389,0,1310
"849",19043,2377,0,476
"850",19044,34709,33522,5386
"851",19050,1552,0,378
"852",19051,3573,2578,833
"853",20001,841,0,126
"854",20002,45167,18974,6085
"855",20003,2547,0,517
"856",20004,1107,0,209
"857",20005,15261,7616,3168
"858",20006,20464,15851,2419
"859",20007,2395,0,691
"860",20008,734,0,212
"861",20009,6857,3883,763
"862",20010,13474,2558,2505
"863",20011,1402,0,251
"864",20012,11166,0,1145
"865",20013,3043,2980,615
"866",20014,28082,26015,4324
"867",20015,5356,3192,838
"868",20016,9563,0,813
"869",20017,3607,0,682
"870",20018,752,0,192
"871",20019,2754,0,598
"872",20020,4847,0,506
"873",20021,14488,8325,1799
"874",20022,803,0,295
"875",20023,26882,15763,2780
"876",20024,3644,0,698
"877",20025,11356,11054,1558
"878",20026,9035,2737,1443
"879",20027,2179,0,493
"880",20028,23148,11168,3560
"881",20029,4215,0,651
"882",20030,8730,8125,1572
"883",20031,7185,3020,1168
"884",20032,1077,0,242
"885",20033,2929,0,435
"886",20034,1288,0,307
"887",20035,657,0,87
"888",20036,5256,0,716
"889",20037,4424,0,662
"890",20038,1885,0,341
"891",20039,78313,56163,9156
"892",20040,6385,0,766
"893",20041,31710,12482,5259
"894",20042,8385,3350,991
"895",20043,113570,100867,13073
"896",20044,40934,31469,6335
"897",20046,2943,0,737
"898",20047,81,0,26
"899",20048,1433,0,136
"900",20049,1184,0,164
"901",20050,3750,0,576
"902",20051,4764,4644,548
"903",20052,5996,3605,1105
"904",20053,1297,0,284
"905",20054,404,0,89
"906",20055,3739,0,678
"907",20056,1446,0,233
"908",20057,38183,24332,5906
"909",20058,12722,0,2157
"910",20059,50375,29130,5561
"911",20060,2487,0,379
"912",20061,2893,0,462
"913",20062,498,0,99
"914",20064,8494,0,1309
"915",20065,1079,0,346
"916",20066,5342,3218,1136
"917",20068,23751,16645,3068
"918",20069,3052,2527,267
"919",20070,6416,5471,971
"920",20071,3255,0,451
"921",20072,8059,3583,843
"922",20073,34652,12729,4576
"923",20074,456,0,63
"924",20075,2660,2660,664
"925",20076,3411,0,465
"926",20077,4370,0,563
"927",20078,1301,0,231
"928",20080,1593,0,413
"929",20081,1871,0,508
"930",20082,4163,0,607
"931",20084,4168,4166,714
"932",20085,26194,2780,2351
"933",20086,1032,0,201
"934",20088,2881,0,466
"935",20089,2308,0,371
"936",20090,6234,4590,799
"937",20092,1776,0,348
"938",20093,518,0,122
"939",20094,1850,0,364
"940",20095,4562,0,481
"941",20096,756,0,142
"942",20097,1771,0,444
"943",20098,4233,0,660
"944",20099,381,0,73
"945",20100,393,0,150
"946",20101,748,0,146
"947",20102,5326,0,713
"948",20103,6064,5804,871
"949",20104,2705,0,288
"950",20105,7678,0,872
"951",20106,249,0,54
"952",20108,2936,0,627
"953",20109,1232,0,184
"954",20110,1668,0,197
"955",20111,4873,2900,583
"956",20112,2576,2552,640
"957",20113,3169,2573,378
"958",20114,674,0,215
"959",20116,4131,2865,622
"960",20117,2213,0,314
"961",20118,2389,0,471
"962",20119,735,0,165
"963",20120,449,0,79
"964",20121,596,0,180
"965",20122,653,0,146
"966",20123,2829,0,423
"967",20125,11662,0,1607
"968",20126,5396,4316,688
"969",20127,1252,0,192
"970",20128,1342,0,310
"971",20129,356,0,75
"972",20130,5180,3210,714
"973",20131,11411,9857,1462
"974",20132,1380,0,222
"975",20133,3934,0,633
"976",20134,28500,6863,2777
"977",20135,8231,2521,1015
"978",20136,12191,5412,1761
"979",20137,3450,0,498
"980",20138,451,0,136
"981",20139,2195,0,281
"982",20140,812,0,141
"983",20141,8710,5461,891
"984",20142,842,0,257
"985",20143,9461,5433,1555
"986",20144,1075,0,278
"987",20145,5215,5091,529
"988",20146,2803,0,263
"989",20147,376,0,94
"990",20148,2182,0,233
"991",20149,2019,0,248
"992",20150,13856,12474,1528
"993",20151,312,0,72
"994",20152,2472,0,315
"995",20153,4910,3673,503
"996",20154,2329,0,368
"997",20155,1060,0,113
"998",20156,3677,0,639
"999",20158,2233,0,284
"1000",20159,5537,0,540
"1001",20160,1429,0,263
"1002",20161,2730,0,555
"1003",20162,2046,0,206
"1004",20163,1577,0,291
"1005",20164,2881,0,498
"1006",20165,1629,0,263
"1007",20166,11310,3480,1547
"1008",20167,2149,0,219
"1009",20168,938,0,151
"1010",20169,4251,0,635
"1011",20170,3700,0,522
"1012",20171,18102,0,2730
"1013",20172,408,0,134
"1014",20173,1457,0,329
"1015",20175,1424,0,292
"1016",20176,2725,0,623
"1017",20177,10365,5403,1606
"1018",20178,6692,0,814
"1019",20179,1447,0,300
"1020",20180,2344,0,465
"1021",20181,453,0,135
"1022",20182,2181,0,338
"1023",20183,1475,0,224
"1024",20184,159452,110213,19458
"1025",20185,8939,4254,1202
"1026",20186,524,0,128
"1027",20187,1808,0,353
"1028",20188,9609,5679,1302
"1029",20189,3116,0,306
"1030",20190,22444,7612,3105
"1031",20191,296,0,82
"1032",20192,1522,0,306
"1033",20193,2807,2769,448
"1034",20194,1372,0,312
"1035",20195,1056,0,351
"1036",20196,407,0,130
"1037",20197,3288,3175,606
"1038",20198,29802,4131,5512
"1039",20199,494,0,164
"1040",20200,3703,0,632
"1041",20201,1880,0,214
"1042",20202,4577,0,456
"1043",20203,3538,0,347
"1044",20204,634,0,160
"1045",20205,16989,0,2212
"1046",20206,2421,0,436
"1047",20207,19032,0,2272
"1048",20208,6941,0,1788
"1049",20209,607,0,180
"1050",20210,5773,0,959
"1051",20211,3411,0,329
"1052",20212,3117,0,339
"1053",20213,4203,0,432
"1054",20214,2033,0,410
"1055",20215,879,0,149
"1056",20216,1241,0,242
"1057",20217,3325,0,576
"1058",20218,544,0,145
"1059",20219,2668,2646,612
"1060",20220,2692,0,491
"1061",20221,1494,0,281
"1062",20222,1426,0,251
"1063",20223,440,0,83
"1064",20224,643,0,157
"1065",20225,5903,0,769
"1066",20226,2971,0,488
"1067",20228,833,0,111
"1068",20229,9148,0,700
"1069",20230,932,0,233
"1070",20231,3187,2994,363
"1071",20232,22185,6152,2474
"1072",20233,1720,0,376
"1073",20234,7163,0,1041
"1074",20235,3829,0,691
"1075",20236,1372,0,170
"1076",20237,1568,0,344
"1077",20238,994,0,159
"1078",20239,1000,0,228
"1079",20240,2749,0,334
"1080",20241,1034,0,230
"1081",20242,12436,3051,1532
"1082",20243,1975,0,301
"1083",20244,3934,0,523
"1084",20245,1324,0,241
"1085",20246,611,0,123
"1086",20247,1619,0,242
"1087",20248,15571,8873,1583
"1088",20249,3831,2752,436
"1089",20250,1239,0,195
"1090",20251,1217,0,176
"1091",20252,2384,0,328
"1092",20253,2021,0,448
"1093",20254,3207,0,497
"1094",20255,1977,0,309
"1095",20256,229,0,48
"1096",20257,1052,0,225
"1097",20258,698,0,201
"1098",20259,2142,0,413
"1099",20260,2191,0,348
"1100",20261,6932,0,991
"1101",20262,991,0,166
"1102",20263,3184,0,412
"1103",20264,2169,0,364
"1104",20265,6711,0,980
"1105",20266,8551,0,1074
"1106",20267,245,0,50
"1107",20268,1149,0,160
"1108",20269,4313,0,736
"1109",20270,1311,0,271
"1110",20271,3194,0,315
"1111",20272,6252,5890,511
"1112",20273,3818,0,426
"1113",20274,1328,0,233
"1114",20275,7286,3637,884
"1115",20276,691,0,171
"1116",20277,12350,0,1685
"1117",20278,38682,7263,4715
"1118",20279,2932,0,381
"1119",20280,2011,0,432
"1120",20281,305,0,103
"1121",20282,653,0,122
"1122",20283,1044,0,230
"1123",20284,3141,3108,478
"1124",20285,3668,0,428
"1125",20286,3100,0,646
"1126",20287,307,0,95
"1127",20288,585,0,76
"1128",20289,1214,0,241
"1129",20290,1043,0,182
"1130",20291,4308,0,613
"1131",20292,1510,0,183
"1132",20294,7035,6072,1120
"1133",20295,10020,9610,1540
"1134",20296,955,0,264
"1135",20297,2751,0,277
"1136",20298,13587,9654,1921
"1137",20299,1125,0,170
"1138",20300,6632,4922,838
"1139",20301,1594,0,331
"1140",20302,4559,2729,469
"1141",20303,1081,0,249
"1142",20304,716,0,184
"1143",20305,4333,4265,810
"1144",20306,4654,0,434
"1145",20307,9735,0,1563
"1146",20309,10368,3440,1368
"1147",20310,14552,3888,1024
"1148",20311,483,0,145
"1149",20312,11279,4386,1450
"1150",20313,730,0,209
"1151",20314,1755,0,246
"1152",20315,1899,0,340
"1153",20316,738,0,131
"1154",20317,1257,0,230
"1155",20318,49780,41700,4738
"1156",20319,972,0,187
"1157",20320,706,0,169
"1158",20321,751,0,154
"1159",20322,786,0,165
"1160",20323,2404,0,304
"1161",20324,48204,17062,5222
"1162",20325,11930,7724,1358
"1163",20326,5052,0,606
"1164",20327,15479,8154,2397
"1165",20328,1441,0,127
"1166",20329,1153,0,224
"1167",20330,4296,0,594
"1168",20331,982,0,269
"1169",20332,373,0,134
"1170",20333,3294,0,532
"1171",20334,50541,25807,6209
"1172",20335,867,0,112
"1173",20336,1697,0,358
"1174",20337,5616,0,983
"1175",20339,4353,0,665
"1176",20340,1747,0,571
"1177",20341,241,0,48
"1178",20342,4105,0,369
"1179",20343,1999,0,416
"1180",20344,2809,0,380
"1181",20345,4188,0,660
"1182",20346,1542,0,313
"1183",20347,4202,0,480
"1184",20348,8192,2708,1412
"1185",20349,2189,0,382
"1186",20351,2802,0,490
"1187",20352,4940,0,339
"1188",20353,2406,0,325
"1189",20354,477,0,102
"1190",20355,681,0,152
"1191",20356,2179,0,406
"1192",20357,848,0,218
"1193",20358,1958,0,484
"1194",20359,637,0,210
"1195",20360,3981,2879,691
"1196",20361,825,0,163
"1197",20362,1495,0,369
"1198",20363,2675,0,446
"1199",20364,18654,8084,1722
"1200",20365,1059,0,251
"1201",20366,3676,2983,489
"1202",20367,4582,4526,579
"1203",20368,2067,0,315
"1204",20369,2193,0,362
"1205",20370,662,0,138
"1206",20371,986,0,276
"1207",20372,1316,0,388
"1208",20373,403,0,102
"1209",20374,1645,0,189
"1210",20376,365,0,92
"1211",20377,10860,0,1527
"1212",20378,3720,0,543
"1213",20379,2951,0,415
"1214",20380,2242,0,379
"1215",20381,2940,0,475
"1216",20382,1182,0,238
"1217",20383,595,0,112
"1218",20384,4794,3968,658
"1219",20386,19079,0,1717
"1220",20387,2891,2547,569
"1221",20388,2809,0,269
"1222",20389,908,0,193
"1223",20391,3375,0,347
"1224",20392,6726,0,1139
"1225",20393,4173,4094,497
"1226",20394,2796,0,461
"1227",20395,1629,0,473
"1228",20396,3259,0,577
"1229",20397,40123,18915,4474
"1230",20398,4874,4022,921
"1231",20400,1713,0,388
"1232",20401,27046,10632,2422
"1233",20402,1067,0,144
"1234",20404,761,0,186
"1235",20405,1815,0,366
"1236",20406,21469,0,2960
"1237",20407,9578,2516,847
"1238",20408,499,0,100
"1239",20410,3418,0,565
"1240",20411,908,0,144
"1241",20412,3178,0,367
"1242",20413,50862,34593,4019
"1243",20414,11995,7970,1766
"1244",20415,4878,0,685
"1245",20416,461,0,132
"1246",20417,9682,0,1344
"1247",20418,11735,8958,1933
"1248",20419,592,0,119
"1249",20420,1679,0,148
"1250",20422,603,0,142
"1251",20423,453,0,144
"1252",20424,3793,0,505
"1253",20425,2058,0,284
"1254",20426,8967,0,1042
"1255",20427,16706,5264,2002
"1256",20428,2224,0,240
"1257",20429,1516,0,309
"1258",20430,317,0,73
"1259",20431,1830,0,272
"1260",20432,903,0,170
"1261",20433,2694,0,231
"1262",20434,3985,0,650
"1263",20435,3576,0,437
"1264",20436,896,0,196
"1265",20437,9653,3525,1328
"1266",20438,1839,0,220
"1267",20439,25347,2645,2501
"1268",20440,812,0,213
"1269",20441,9234,8632,804
"1270",20442,250,0,51
"1271",20443,434,0,92
"1272",20444,481,0,91
"1273",20445,1699,0,219
"1274",20446,6008,0,1241
"1275",20447,17100,5961,2197
"1276",20448,2469,0,174
"1277",20449,3294,0,696
"1278",20450,13855,0,894
"1279",20451,1019,0,303
"1280",20452,4421,3821,755
"1281",20453,3918,0,658
"1282",20454,3556,0,432
"1283",20455,2904,0,435
"1284",20456,1667,0,304
"1285",20457,3346,0,396
"1286",20458,1157,0,302
"1287",20459,4877,0,1229
"1288",20460,5242,0,700
"1289",20461,527,0,188
"1290",20462,4600,0,716
"1291",20463,525,0,194
"1292",20464,341,0,91
"1293",20465,1636,0,190
"1294",20466,13880,0,1036
"1295",20467,19112,10387,2660
"1296",20468,14198,0,1532
"1297",20469,34735,10611,4082
"1298",20470,4394,0,777
"1299",20471,431,0,72
"1300",20472,3361,2821,664
"1301",20473,1291,0,215
"1302",20474,3440,0,608
"1303",20475,10175,8122,1476
"1304",20476,421,0,85
"1305",20477,1327,0,202
"1306",20478,1599,0,513
"1307",20479,174,0,63
"1308",20480,1351,0,229
"1309",20481,1898,0,462
"1310",20482,55840,33726,6311
"1311",20483,10886,8273,1348
"1312",20484,4458,0,717
"1313",20485,3134,0,448
"1314",20486,2419,0,402
"1315",20487,1966,0,306
"1316",20488,130,0,30
"1317",20489,4909,0,620
"1318",20490,2974,0,343
"1319",20491,4930,0,370
"1320",20492,2764,0,642
"1321",20493,545,0,114
"1322",20494,6300,0,782
"1323",20495,3029,0,372
"1324",20496,1893,0,294
"1325",20497,4233,4233,469
"1326",20498,7593,0,957
"1327",20499,1922,0,334
"1328",20500,7991,0,1410
"1329",20501,998,0,296
"1330",20502,5089,0,794
"1331",20503,425,0,94
"1332",20504,1590,0,219
"1333",20505,7681,6130,1540
"1334",20506,798,0,174
"1335",20507,3155,2517,494
"1336",20508,1618,0,383
"1337",20509,11384,0,913
"1338",20510,760,0,148
"1339",20511,3335,0,506
"1340",20512,1101,0,175
"1341",20513,9027,5856,1258
"1342",20514,941,0,115
"1343",20516,5260,0,578
"1344",20517,6029,0,719
"1345",20518,113,0,28
"1346",20520,7393,0,1273
"1347",20521,250,0,60
"1348",20522,1205,0,254
"1349",20523,1633,0,358
"1350",20524,327,0,70
"1351",20525,12483,7900,2106
"1352",20526,16688,5876,1680
"1353",20527,2490,0,300
"1354",20528,904,0,241
"1355",20529,1474,0,101
"1356",20530,3923,0,426
"1357",20531,2612,2612,374
"1358",20532,4066,0,717
"1359",20533,2726,0,359
"1360",20534,3512,3165,572
"1361",20535,3227,0,351
"1362",20536,449,0,113
"1363",20537,6710,2911,1465
"1364",20538,713,0,111
"1365",20540,8326,6642,1045
"1366",20541,1558,0,341
"1367",20542,887,0,172
"1368",20543,6386,5605,698
"1369",20544,1032,0,246
"1370",20545,10099,8469,1250
"1371",20546,6392,4858,1126
"1372",20547,1005,0,230
"1373",20548,1960,0,359
"1374",20549,11465,0,2320
"1375",20550,5764,3173,959
"1376",20551,30254,21790,3365
"1377",20552,410,0,116
"1378",20554,5904,0,861
"1379",20555,3419,0,518
"1380",20556,306,0,66
"1381",20557,14542,13949,2516
"1382",20558,1376,0,263
"1383",20559,23067,5812,3338
"1384",20560,6467,5990,1219
"1385",20561,2954,2954,347
"1386",20562,1682,0,223
"1387",20563,1245,0,291
"1388",20564,1195,0,313
"1389",20566,3144,0,456
"1390",20567,3382,0,571
"1391",20568,1695,0,328
"1392",20569,1454,0,409
"1393",20570,22093,14226,3057
"1394",21002,9170,3651,1387
"1395",21003,37955,22292,5920
"1396",21004,63743,57177,4625
"1397",21005,3070,0,472
"1398",21006,14542,2695,1841
"1399",21007,3162,0,610
"1400",21008,11439,2633,1250
"1401",21009,2207,0,478
"1402",21010,74768,37196,5466
"1403",21011,1885,0,323
"1404",21012,6591,4147,1065
"1405",21013,22629,21307,1949
"1406",21014,4812,0,781
"1407",21016,9021,0,1147
"1408",21017,29742,15582,2263
"1409",21018,3859,0,641
"1410",21019,141793,109399,18788
"1411",21020,7704,7269,709
"1412",21021,1512,0,180
"1413",21022,12857,7244,1840
"1414",21023,9051,3524,903
"1415",21024,976,0,266
"1416",21025,8208,3163,1010
"1417",21026,15271,13643,2179
"1418",21027,4128,0,928
"1419",21028,2758,0,298
"1420",21029,3811,3387,663
"1421",21030,772,0,151
"1422",21031,2820,0,489
"1423",21032,1382,0,306
"1424",21033,5403,0,689
"1425",21035,20653,11154,2678
"1426",21036,14806,0,1631
"1427",21037,2334,0,616
"1428",21038,10542,8241,743
"1429",21039,9837,0,1234
"1430",21040,12340,5915,967
"1431",21042,3315,0,695
"1432",21043,49864,9819,6383
"1433",21044,17139,6575,1927
"1434",21045,47410,28348,5653
"1435",21046,8193,6536,682
"1436",21047,21699,16495,3425
"1437",21049,17382,4075,1437
"1438",21050,26928,3163,2184
"1439",21051,37030,22164,5721
"1440",21052,1215,0,266
"1441",21053,66464,28871,6909
"1442",21055,5082,0,912
"1443",21056,1317,0,361
"1444",21057,6687,0,829
"1445",21058,21002,8885,1950
"1446",21059,2846,0,571
"1447",21061,14461,0,1316
"1448",21062,4943,0,753
"1449",21063,14766,8445,1660
"1450",21064,17824,4324,2865
"1451",21065,22694,20392,1998
"1452",21066,6451,0,1332
"1453",21067,18784,11835,1974
"1454",21068,7011,0,1124
"1455",21069,29233,6968,4094
"1456",21070,6111,0,1198
"1457",21071,103946,75404,11414
"1458",21072,17082,0,2839
"1459",21073,9760,8808,1482
"1460",21075,13080,7037,1111
"1461",21076,27600,5900,3493
"1462",21077,5951,0,758
"1463",21078,15928,7762,1387
"1464",21079,5782,2907,639
"1465",21080,2633,0,530
"1466",21081,4065,0,745
"1467",21082,8804,5202,1141
"1468",21083,25319,0,3823
"1469",21084,6950,3230,983
"1470",21085,82809,70102,10961
"1471",21086,12050,0,1661
"1472",21087,13308,7760,1866
"1473",21088,4457,0,761
"1474",21089,12131,3030,1776
"1475",21091,9828,7838,1427
"1476",21092,5293,0,800
"1477",21093,7650,0,1229
"1478",21094,37257,18110,3731
"1479",21095,650,0,71
"1480",21096,3176,0,376
"1481",21097,2668,0,315
"1482",21098,6668,0,1011
"1483",21099,20659,8600,2241
"1484",21100,9310,0,1296
"1485",21101,3317,0,593
"1486",21102,14075,13243,1257
"1487",21103,6644,4538,650
"1488",21104,32772,23002,2460
"1489",21105,5077,0,836
"1490",21107,11993,0,1942
"1491",21108,19903,11276,1798
"1492",21109,20274,6909,2670
"1493",21110,50226,40895,4187
"1494",21111,18528,2968,3245
"1495",21112,9350,2700,1725
"1496",21113,4627,0,1078
"1497",21115,57992,48706,4492
"1498",21116,22855,0,2159
"1499",21117,15952,15952,1488
"1500",21118,30021,27399,2470
"1501",21120,5938,2638,537
"1502",21121,1270,0,191
"1503",21123,3793,0,619
"1504",21124,15954,13687,1787
"1505",21126,6597,2545,678
"1506",21127,3606,0,891
"1507",21128,10443,6271,977
"1508",21129,14018,8786,1694
"1509",21130,3604,0,643
"1510",21131,975,0,115
"1511",21133,692,0,112
"1512",21134,20974,14716,2445
"1513",21135,526,0,173
"1514",21137,10464,6755,929
"1515",21138,11780,9366,1620
"1516",21139,3759,0,673
"1517",21141,3488,0,696
"1518",21142,30639,25218,3163
"1519",21144,16790,14268,1338
"1520",21145,13189,0,1655
"1521",21146,749,0,182
"1522",21147,6341,4426,1166
"1523",21148,11498,6350,1065
"1524",21150,6105,0,1030
"1525",21151,9315,9178,1000
"1526",21152,12631,6533,1705
"1527",21153,23625,13826,2416
"1528",21154,80771,62281,6648
"1529",21155,6830,3706,979
"1530",21157,12672,6644,2343
"1531",21158,6743,0,1246
"1532",21159,3836,2751,1051
"1533",21160,3689,0,598
"1534",21161,22218,18821,2019
"1535",21162,4155,3298,617
"1536",21164,84270,63030,7396
"1537",21165,1216,0,166
"1538",21166,8918,5147,1350
"1539",21167,10373,0,1280
"1540",21168,7523,5519,940
"1541",21169,22331,5703,2986
"1542",21170,19200,5561,2154
"1543",21171,3851,2966,408
"1544",21172,27216,5612,3589
"1545",21173,6653,5156,723
"1546",21175,14432,5782,1662
"1547",21176,9664,3048,1312
"1548",21177,54757,34453,4698
"1549",21178,15977,0,2610
"1550",21179,31639,11555,3367
"1551",21180,41547,29576,4250
"1552",21182,5390,5164,444
"1553",21183,20433,6209,2039
"1554",21184,6422,0,801
"1555",21185,10344,3163,1273
"1556",21186,55576,21346,6516
"1557",21187,4934,0,849
"1558",21188,19315,6943,2395
"1559",21189,22454,17344,2220
"1560",21190,1187,0,299
"1561",21191,9871,6048,1676
"1562",21192,5924,0,1006
"1563",21193,6476,0,900
"1564",21194,28395,19416,3801
"1565",21195,26559,5868,2646
"1566",21196,1570,0,353
"1567",21197,80591,51143,9145
"1568",21198,1312,0,208
"1569",21199,42943,23970,3363
"1570",21200,3443,0,628
"1571",21201,3375,0,485
"1572",21202,13025,5721,1556
"1573",21203,7178,5975,797
"1574",21204,7926,3968,895
"1575",21205,26392,19705,2108
"1576",21206,4647,0,720
"1577",21207,57887,32829,6269
"1578",21208,87361,50644,9584
"1579",21209,8595,3215,1274
"1580",21210,5675,0,858
"1581",21211,16752,11487,1924
"1582",21212,20717,4597,2339
"1583",21213,11967,0,1569
"1584",21214,18359,17918,1936
"1585",21215,4539,4229,726
"1586",21216,2452,0,474
"1587",21217,20335,8746,2522
"1588",22001,66841,11585,6767
"1589",22002,27365,0,3261
"1590",22003,13142,2671,2159
"1591",22004,69075,20973,7040
"1592",22005,67121,30127,5575
"1593",22007,45141,27607,4181
"1594",22009,27343,13950,3219
"1595",22010,18794,0,2964
"1596",22012,77404,62445,6677
"1597",22013,19141,0,2463
"1598",22015,8359,0,894
"1599",22016,297804,247158,29971
"1600",22017,72201,60053,8455
"1601",22018,27916,13295,2834
"1602",23001,88626,84519,7818
"1603",23002,83990,47727,7946
"1604",23006,39165,16241,3935
"1605",23007,29171,8135,2779
"1606",23008,333800,327820,13105
"1607",23009,46721,33374,2221
"1608",23010,41754,17923,4265
"1609",23011,26921,26233,2259
"1610",24001,18974,5249,2567
"1611",24002,7785,0,1395
"1612",24003,48359,3366,5755
"1613",24004,4013,0,894
"1614",24005,18317,15341,3101
"1615",24006,9579,0,1516
"1616",24007,19840,12807,2438
"1617",24008,22075,15692,3927
"1618",24009,5050,0,651
"1619",24010,30320,13552,4651
"1620",24012,20300,2698,3026
"1621",24013,179371,136351,25169
"1622",24014,15660,0,2923
"1623",24015,21814,14117,3200
"1624",24016,40899,34073,6321
"1625",24017,25119,0,4321
"1626",24018,15334,0,2132
"1627",24019,5453,0,1337
"1628",24020,102199,86686,12207
"1629",24021,58469,3628,6674
"1630",24022,19036,5240,2749
"1631",24023,15301,6240,2977
"1632",24025,31107,18586,3434
"1633",24026,9382,0,1386
"1634",24027,10215,7361,2028
"1635",24029,18468,2672,4063
"1636",24030,4779,0,1307
"1637",24031,12163,0,1494
"1638",24032,39880,14340,5200
"1639",24033,10785,0,1863
"1640",24034,14945,6731,2275
"1641",24036,29184,12237,4472
"1642",24037,95037,30001,12714
"1643",24038,14348,0,2711
"1644",24039,13603,3076,2090
"1645",24040,36968,20019,5395
"1646",24041,18208,0,2519
"1647",24042,13448,9458,2193
"1648",24043,7966,4960,1404
"1649",24044,7557,0,1013
"1650",24045,14188,6385,2459
"1651",24046,18206,6126,2049
"1652",24047,9277,0,1710
"1653",24048,5298,3701,719
"1654",24049,38389,26280,4481
"1655",24050,52912,21707,4952
"1656",24051,15458,3087,2642
"1657",24052,10304,3488,2055
"1658",24053,32544,8045,4844
"1659",24054,49741,6644,7031
"1660",24056,17258,8464,1830
"1661",24057,28996,6735,3930
"1662",24058,20959,11061,2730
"1663",25001,459310,374888,59353
"1664",25002,44093,17792,7894
"1665",25003,26542,4194,3702
"1666",25004,24899,9864,4356
"1667",25005,17012,7888,2166
"1668",25007,29334,10328,4594
"1669",25008,55339,27447,5469
"1670",25009,59988,46667,8139
"1671",25010,96593,38990,14920
"1672",25011,289370,187646,42538
"1673",25013,40358,12170,8244
"1674",25014,52345,21438,8332
"1675",25015,79492,70431,11584
"1676",25016,19505,8460,3558
"1677",25017,78670,14602,12735
"1678",25018,149122,91837,17747
"1679",26001,2563,0,470
"1680",26002,91929,91029,8394
"1681",26003,24976,10961,4361
"1682",26004,9492,8439,968
"1683",26005,1177,0,260
"1684",26006,2788,0,648
"1685",26007,626,0,145
"1686",26008,979,0,254
"1687",26009,759,0,216
"1688",26010,1221,0,213
"1689",26011,1475,0,343
"1690",26012,23151,14976,3398
"1691",26013,1825,0,299
"1692",26014,3191,0,686
"1693",26015,1169,0,230
"1694",26016,4988,4837,812
"1695",26017,89122,72763,9730
"1696",26018,436484,405786,60963
"1697",26019,39451,38113,4753
"1698",26020,4946,4483,661
"1699",26021,1848,0,415
"1700",26022,863,0,163
"1701",26023,5829,2934,1149
"1702",26024,753,0,170
"1703",26026,61309,31775,8983
"1704",26027,9041,7240,838
"1705",26028,1009,0,233
"1706",26031,1186,0,226
"1707",26032,888,0,208
"1708",26033,77682,38963,12907
"1709",26034,943,0,245
"1710",26035,12536,6924,1628
"1711",26036,33049,30429,3915
"1712",26037,1101,0,297
"1713",26038,5173,4787,795
"1714",26039,5774,5485,623
"1715",26040,1531,0,353
"1716",26041,14369,12987,1486
"1717",26042,164387,123594,23328
"1718",26044,365,0,101
"1719",26045,2438,0,539
"1720",26046,496,0,106
"1721",26047,9122,7889,1240
"1722",26048,62689,62301,5892
"1723",26049,3090,0,579
"1724",26050,1496,0,408
"1725",26051,4830,2927,995
"1726",26052,5257,3600,1127
"1727",26053,369,0,78
"1728",26054,537,0,74
"1729",26055,199021,187273,22670
"1730",26056,10729,9442,775
"1731",26057,1458,0,425
"1732",26058,16203,12372,2340
"1733",26059,1835,0,225
"1734",26060,2058,0,313
"1735",26061,1368,0,314
"1736",26062,1114,0,267
"1737",26063,1178,0,321
"1738",26064,1381,0,278
"1739",26065,1473,0,319
"1740",26066,8548,3619,1987
"1741",26067,1429,0,321
"1742",26068,1043,0,299
"1743",26069,4793,0,819
"1744",26070,13627,11440,1426
"1745",26071,21692,16098,3183
"1746",26072,14279,11126,1997
"1747",27001,58524,19614,7516
"1748",27002,243229,150976,24819
"1749",27003,107731,45351,10694
"1750",27005,214877,101093,22316
"1751",27006,137257,51113,13951
"1752",27007,32181,26114,4105
"1753",27008,190885,84736,18676
"1754",27009,37749,5001,4816
"1755",27010,91185,47595,9402
"1756",27011,30798,7387,3675
"1757",27012,158601,67582,16725
"1758",27014,96741,53391,10332
"1759",27015,47905,10805,5312
"1760",27016,58718,33220,6243
"1761",27017,62310,34946,7586
"1762",28001,9822,5255,1762
"1763",28002,28725,14334,4616
"1764",28004,8850,3488,1554
"1765",28005,4256,0,942
"1766",28006,7542,0,1270
"1767",28007,16546,9373,2575
"1768",28008,4143,0,646
"1769",28010,1671,0,344
"1770",28011,8288,0,1427
"1771",28012,41470,27325,6041
"1772",28013,15032,0,2439
"1773",28014,3803,3451,633
"1774",28015,15677,12067,2358
"1775",28016,17012,9415,3772
"1776",28017,15994,6286,2518
"1777",28018,6375,4368,1077
"1778",28019,14645,3679,3304
"1779",28020,2048,0,555
"1780",28021,106144,82032,18962
"1781",28023,4280,0,848
"1782",28024,6385,6061,1301
"1783",28025,26237,23006,4181
"1784",28026,3704,0,636
"1785",28028,3810,2758,566
"1786",28029,13190,5456,2552
"1787",28030,13618,8613,2285
"1788",28031,1917,0,373
"1789",28034,7411,0,1778
"1790",28035,51405,33967,7470
"1791",28036,926,0,127
"1792",28037,23673,11311,3386
"1793",28039,28230,10977,4466
"1794",28040,60055,54433,8464
"1795",28042,5361,0,1212
"1796",28043,22229,10327,3804
"1797",29003,7087,0,801
"1798",29004,18111,7232,2130
"1799",29006,51172,40824,5269
"1800",29007,17332,14004,1576
"1801",29008,16222,10070,1513
"1802",29011,4755,0,581
"1803",29012,9416,3119,1190
"1804",29013,98764,80585,9245
"1805",29014,15190,8726,1892
"1806",29016,7504,7436,1099
"1807",29020,9432,8407,1020
"1808",29021,18686,13401,2358
"1809",29030,15475,9302,1571
"1810",29034,45438,29464,4810
"1811",29037,9207,6926,1136
"1812",29040,10601,3217,1442
"1813",29045,6211,6185,603
"1814",29046,4951,3364,437
"1815",29047,3534,3117,337
"1816",29052,6436,6178,786
"1817",29055,3077,2892,449
"1818",30001,9701,0,1006
"1819",30002,3441,3253,398
"1820",30004,41742,7936,7957
"1821",30005,5253,2761,988
"1822",30006,23100,7773,2263
"1823",30007,6538,0,1065
"1824",30008,10338,0,1122
"1825",30009,28184,11904,5376
"1826",30010,64234,27623,6456
"1827",30012,7866,0,1551
"1828",30013,26843,19272,4984
"1829",30015,33839,13225,6438
"1830",30016,28682,20165,4323
"1831",30017,4709,0,875
"1832",30018,1978,0,188
"1833",30019,6909,0,573
"1834",30020,11577,0,976
"1835",30021,23461,17108,3744
"1836",30023,49180,6699,6772
"1837",30024,16485,5686,1781
"1838",30025,27217,7379,2837
"1839",30027,16120,0,3024
"1840",30029,13701,0,1204
"1841",30031,18888,0,2130
"1842",30032,49451,28655,6779
"1843",30034,25011,21318,4946
"1844",30035,11165,5070,2186
"1845",30037,8176,5900,984
"1846",30041,2355,0,294
"1847",30042,5743,0,1064
"1848",30043,19876,5178,2428
"1849",30045,54737,36795,9836
"1850",30046,16167,4768,2164
"1851",30047,59471,33237,5052
"1852",30049,22050,0,3102
"1853",30050,16333,4561,2541
"1854",30051,23096,9113,3255
"1855",30052,11869,6727,1623
"1856",30053,28075,14304,3777
"1857",30054,11461,3855,2382
"1858",30055,13527,2799,2652
"1859",30056,6610,0,1230
"1860",30057,13881,3500,1504
"1861",30058,53858,4823,11863
"1862",30060,16283,9170,2436
"1863",30061,81080,46909,9602
"1864",30062,20839,15105,2153
"1865",30063,13359,0,2904
"1866",30064,4008,0,546
"1867",30066,26830,6578,3936
"1868",30067,19179,15417,1445
"1869",30069,24085,13966,4688
"1870",30070,18275,4106,2477
"1871",30071,59920,33402,6637
"1872",30072,21796,6113,2813
"1873",30073,41670,12729,6482
"1874",30075,16525,4654,3308
"1875",30076,13377,0,1971
"1876",30077,42807,25608,5730
"1877",30078,12379,4169,2647
"1878",30079,11387,2692,1301
"1879",30080,23132,10017,2543
"1880",30083,50836,5708,9453
"1881",30084,5574,0,1077
"1882",30086,46794,24113,4049
"1883",30088,5054,3150,912
"1884",30091,28524,10188,3967
"1885",30094,38367,19353,5816
"1886",30095,15059,2619,2841
"1887",30096,1543,0,332
"1888",30097,19123,17727,4058
"1889",30098,3299,0,297
"1890",30102,108842,85116,13786
"1891",30103,12799,5649,1385
"1892",30104,17134,8972,1792
"1893",30106,4841,3667,533
"1894",30107,2934,0,282
"1895",30109,65761,30232,10290
"1896",30110,12125,0,1100
"1897",30111,16493,8239,2296
"1898",30112,22835,9554,3083
"1899",30113,4614,0,573
"1900",30114,10130,3311,2055
"1901",30117,23773,3715,3308
"1902",30119,5651,5060,992
"1903",30121,22756,4317,4262
"1904",30122,18051,10156,2031
"1905",30125,31894,14582,3904
"1906",30126,33442,12254,5631
"1907",30127,28258,4627,1664
"1908",30128,77432,61444,7045
"1909",30129,18053,11233,3549
"1910",30130,39327,16042,6219
"1911",30132,20300,9924,1819
"1912",30134,23544,6913,3726
"1913",30137,6308,0,552
"1914",30139,6126,3454,1241
"1915",30141,162428,81748,22057
"1916",30142,32631,7547,4929
"1917",30143,57085,24758,9494
"1918",30144,32400,18280,4239
"1919",30146,3925,0,376
"1920",30147,24578,4433,1827
"1921",30148,28130,13716,4364
"1922",30149,34385,20421,3045
"1923",30150,11631,5595,1932
"1924",30151,21902,4908,5062
"1925",30152,11561,2706,2453
"1926",30153,5795,0,1181
"1927",30154,11991,0,2656
"1928",30155,99959,33226,15427
"1929",30156,6041,0,573
"1930",30157,20145,4716,3458
"1931",30158,24551,5432,4209
"1932",30159,29686,2740,1819
"1933",30160,107270,32972,16710
"1934",30161,34408,12494,6438
"1935",30162,6448,0,820
"1936",30163,5040,0,672
"1937",30164,16957,10581,2552
"1938",30165,8925,0,1053
"1939",30166,9405,0,1374
"1940",30167,14619,5597,2478
"1941",30168,16343,4487,1453
"1942",30169,22709,8862,3844
"1943",30170,10824,0,1193
"1944",30171,5575,0,611
"1945",30172,19925,8969,2988
"1946",30173,54537,9690,7435
"1947",30174,95602,49658,15086
"1948",30176,4489,3965,711
"1949",30177,11685,0,948
"1950",30178,12898,7287,2685
"1951",30179,4284,2503,563
"1952",30180,10900,0,1727
"1953",30181,37795,12702,6873
"1954",30183,61377,40923,7498
"1955",30184,7933,0,724
"1956",30186,7197,4415,1037
"1957",30187,6105,0,541
"1958",30188,17217,4051,2209
"1959",30189,154600,118115,23364
"1960",30190,2258,0,556
"1961",30191,30097,18659,5668
"1962",30192,20204,13504,3625
"1963",30194,12492,7539,957
"1964",30195,5900,2790,531
"1965",30197,11205,3151,2181
"1966",30198,6788,0,1130
"1967",30200,12581,0,1822
"1968",30201,45028,7455,5228
"1969",30202,14644,0,1785
"1970",30203,14524,3794,2238
"1971",30204,44104,37464,6925
"1972",30205,19402,8913,3110
"1973",30207,44978,23234,6739
"1974",30208,23376,17919,4624
"1975",30209,15044,8611,1556
"1976",30210,30891,4258,3254
"1977",30211,30351,14550,4976
"1978",30212,13062,3353,1814
"1979",31001,6550,2608,838
"1980",31003,12285,12022,1124
"1981",31004,6195,4997,951
"1982",31005,2167,0,335
"1983",31006,9159,7973,1341
"1984",31007,7490,7460,920
"1985",31008,3949,2584,701
"1986",31009,4466,4065,850
"1987",31010,2755,0,317
"1988",31011,8389,8366,780
"1989",31012,3736,3328,756
"1990",31014,1714,0,204
"1991",31015,5560,4208,621
"1992",31016,3104,2860,289
"1993",31017,4686,0,598
"1994",31018,3385,0,486
"1995",31019,38934,25663,3099
"1996",31020,4497,4463,567
"1997",31021,9406,6540,884
"1998",31022,4363,3019,449
"1999",31023,4863,4847,677
"2000",31024,3244,3237,459
"2001",31025,6003,6001,675
"2002",31026,3622,3467,638
"2003",31027,8345,7530,1474
"2004",31028,2936,0,381
"2005",31029,6240,6169,1060
"2006",31030,4015,3204,547
"2007",31031,2818,0,536
"2008",31032,16779,12320,1912
"2009",31033,21255,13868,2567
"2010",31034,6514,4397,868
"2011",31035,6384,5151,908
"2012",31036,8090,6810,917
"2013",31037,5250,5194,694
"2014",31039,4186,4115,482
"2015",31040,28555,21971,3805
"2016",31042,5553,3573,826
"2017",31043,3405,2879,303
"2018",31044,7530,7190,817
"2019",31045,2677,0,391
"2020",31046,3296,3189,425
"2021",31047,5968,4715,748
"2022",31048,23991,13965,2715
"2023",31049,3965,3956,321
"2024",31051,3430,0,511
"2025",31052,37804,26081,5088
"2026",31053,13494,12553,1797
"2027",31054,2990,2590,434
"2028",31055,7080,5412,779
"2029",31056,33854,26175,3499
"2030",31057,7766,5318,1209
"2031",31058,25954,21456,3198
"2032",31059,66008,64653,8680
"2033",31060,976,0,168
"2034",31061,3974,0,496
"2035",31062,4962,3999,591
"2036",31064,1701,0,260
"2037",31065,2118,0,282
"2038",31066,4220,3767,481
"2039",31067,10053,9141,1236
"2040",31068,3206,2586,613
"2041",31069,8967,5758,1172
"2042",31070,3971,3855,672
"2043",31071,1949,0,252
"2044",31072,1857,0,398
"2045",31073,5854,4963,333
"2046",31074,3774,3654,653
"2047",31075,6921,6890,765
"2048",31076,17939,10017,2140
"2049",31077,2683,2645,389
"2050",31078,3747,3143,656
"2051",31079,45062,31788,4867
"2052",31080,11020,11015,1128
"2053",31081,3355,2785,451
"2054",31082,3512,3496,714
"2055",31083,1915,0,283
"2056",31084,7037,6472,1120
"2057",31085,16680,10914,1829
"2058",31086,2133,0,403
"2059",31087,5464,4550,580
"2060",31088,1917,0,352
"2061",31089,40495,40376,4811
"2062",31091,12700,6496,1326
"2063",31092,7888,4174,751
"2064",31094,5444,2786,544
"2065",31096,80672,58684,9539
"2066",31097,3684,3004,592
"2067",31098,15346,10879,1665
"2068",31099,4191,3460,458
"2069",31102,85460,70901,8745
"2070",31103,3451,3447,436
"2071",31104,16350,5919,1775
"2072",31105,3293,3197,399
"2073",31106,2215,0,389
"2074",32001,6260,2608,1100
"2075",32002,4942,0,776
"2076",32003,2277,0,544
"2077",32004,4493,2905,697
"2078",32005,45759,44186,3864
"2079",32006,8255,6378,1262
"2080",32007,12115,6915,1911
"2081",32008,13466,9463,1542
"2082",32009,10086,3816,1755
"2083",32010,240532,174046,25529
"2084",32011,3362,2721,666
"2085",32012,8168,0,1041
"2086",32013,6644,4520,779
"2087",32014,20191,5844,3137
"2088",32015,1579,0,427
"2089",32016,23526,11223,2906
"2090",32018,4547,0,952
"2091",32019,25296,15291,3810
"2092",32020,59910,46132,9957
"2093",32021,4465,0,658
"2094",32022,19749,15045,2723
"2095",32023,12251,5836,2307
"2096",32024,53709,29251,5104
"2097",32025,13184,6983,1595
"2098",32026,17774,0,2658
"2099",32027,2736,0,365
"2100",32028,2451,0,457
"2101",32029,23713,14815,2606
"2102",32030,2446,0,532
"2103",32031,8683,4247,1895
"2104",32033,4530,0,1032
"2105",32034,27945,16814,5261
"2106",32035,16284,2809,1859
"2107",32036,44144,22295,4795
"2108",32037,17577,8729,1807
"2109",32038,72241,8946,8766
"2110",32039,64535,40229,8177
"2111",32040,21844,5295,2805
"2112",32041,2509,0,526
"2113",32042,63665,31849,8051
"2114",32043,1365,0,276
"2115",32044,16588,8092,2398
"2116",32045,8321,4883,1490
"2117",32046,6490,0,1634
"2118",32047,5356,3461,950
"2119",32048,27302,17882,3714
"2120",32049,32461,13577,5809
"2121",32051,34623,19639,4278
"2122",32052,19525,7011,2129
"2123",32053,13208,9209,1626
"2124",32054,19446,4851,2126
"2125",32055,31558,17551,5638
"2126",32058,2767,0,530
