"","clave_mun","POBTOT","P_60YMAS","pob_urb"
"1",1001,948990,102987,901446
"2",1002,51536,4697,17760
"3",1003,58250,7829,28367
"4",1004,17000,1613,8477
"5",1005,129929,9815,97524
"6",1006,47646,4481,35351
"7",1007,57369,5264,42562
"8",1008,9552,956,5607
"9",1009,22485,2158,9114
"10",1010,20853,1988,6307
"11",1011,61997,3588,46196
"12",2001,443807,53463,399691
"13",2002,1049792,122934,966003
"14",2003,108440,11535,93564
"15",2004,1922523,169282,1893361
"16",2005,126890,14292,109884
"17",2006,117568,7796,76417
"18",3001,73021,9649,58680
"19",3002,64022,6741,42684
"20",3003,292241,37267,270846
"21",3008,351111,19895,338979
"22",3009,18052,2056,16311
"23",4001,59232,7445,45571
"24",4002,294077,37321,267558
"25",4003,248845,23814,219186
"26",4004,78170,8353,48846
"27",4005,31917,3659,21026
"28",4006,42140,4331,15852
"29",4007,8683,1164,3485
"30",4008,11452,1273,8748
"31",4009,59923,5915,35338
"32",4010,31714,2560,5729
"33",4011,46913,4804,11121
"34",4012,15297,1977,14127
"35",5001,1022,230,NA
"36",5002,163058,11800,160225
"37",5003,23056,2770,21376
"38",5004,29578,3332,18110
"39",5005,1643,299,NA
"40",5006,29128,3416,27314
"41",5007,12715,1668,10395
"42",5008,3047,433,NA
"43",5009,59035,6522,35483
"44",5010,82409,9286,77831
"45",5011,11898,1781,5535
"46",5012,1643,286,NA
"47",5013,1735,201,NA
"48",5014,9502,1163,3303
"49",5015,1584,225,NA
"50",5016,1764,343,NA
"51",5017,118337,12999,77286
"52",5018,237951,30877,237169
"53",5019,7928,1017,6720
"54",5020,71627,9377,67247
"55",5021,6539,922,4526
"56",5022,33129,3208,32213
"57",5023,9642,1187,3651
"58",5024,44472,5952,34798
"59",5025,176327,17040,173959
"60",5026,3239,499,NA
"61",5027,122243,7422,114010
"62",5028,64811,8148,62643
"63",5029,2471,328,NA
"64",5030,879958,89453,864431
"65",5031,24759,3406,23413
"66",5032,42260,6927,39058
"67",5033,101041,12742,60170
"68",5034,6744,563,4573
"69",5035,720848,87543,698493
"70",5036,20305,2569,3522
"71",5037,6188,785,5443
"72",5038,13135,1818,11150
"73",6001,27626,3966,21759
"74",6002,157048,25213,146965
"75",6003,21661,3253,14485
"76",6004,20837,2980,14892
"77",6005,31267,4849,23005
"78",6006,5623,909,2985
"79",6007,191031,20091,172159
"80",6008,10231,1184,6075
"81",6009,116305,13133,108878
"82",6010,149762,15979,147496
"83",7001,17994,1839,8092
"84",7002,21187,2424,15001
"85",7003,26899,3358,6247
"86",7004,36160,2223,10618
"87",7005,24512,1818,4327
"88",7006,31735,3348,5820
"89",7007,11283,844,5920
"90",7008,31947,2768,18685
"91",7009,41135,6068,28908
"92",7010,7365,741,NA
"93",7011,20157,2227,NA
"94",7012,64632,5020,45962
"95",7013,37263,2210,14200
"96",7014,24273,1336,11630
"97",7015,50112,5653,24504
"98",7016,17619,2738,3344
"99",7017,88106,9942,52670
"100",7018,9900,978,3770
"101",7019,166178,16157,116220
"102",7020,49920,5114,17300
"103",7021,22192,2684,7125
"104",7022,21915,858,NA
"105",7023,101967,6657,4727
"106",7024,13678,804,9533
"107",7025,7472,799,3498
"108",7026,47371,2248,4369
"109",7027,112075,10411,66584
"110",7028,6156,704,4329
"111",7029,5402,582,3947
"112",7030,36785,3590,10429
"113",7031,137262,7276,22052
"114",7032,30896,3653,10624
"115",7033,7245,554,NA
"116",7034,80897,7684,28585
"117",7035,14556,1547,6784
"118",7036,7701,740,NA
"119",7037,36333,4157,15296
"120",7038,22975,2017,NA
"121",7039,27893,2100,3508
"122",7040,53242,6170,32109
"123",7041,46409,4105,14980
"124",7042,11377,964,3674
"125",7043,10961,1096,5309
"126",7044,28999,2160,6481
"127",7045,6284,590,NA
"128",7046,41063,6155,14169
"129",7047,24966,1431,11250
"130",7048,21807,2789,7809
"131",7049,31259,1553,3954
"132",7050,5232,871,NA
"133",7051,46130,5501,19271
"134",7052,141027,10076,33196
"135",7053,7901,1006,NA
"136",7054,28250,3442,12219
"137",7055,5876,707,2860
"138",7056,13755,572,NA
"139",7057,76398,7378,30545
"140",7058,4765,334,4765
"141",7059,234661,13329,74436
"142",7060,14088,1089,5330
"143",7061,97397,8417,47951
"144",7062,18469,1775,3141
"145",7063,3983,373,NA
"146",7064,54932,3574,13981
"147",7065,132265,10571,51797
"148",7066,26391,1373,8629
"149",7067,12266,1030,NA
"150",7068,31919,3633,15244
"151",7069,51193,6939,18219
"152",7070,12263,1179,NA
"153",7071,30297,3527,8222
"154",7072,29636,1830,12805
"155",7073,10866,819,6860
"156",7074,44829,4303,29018
"157",7075,28829,2658,21194
"158",7076,29889,2307,6190
"159",7077,64251,5663,6181
"160",7078,215874,16605,183509
"161",7079,41793,3715,15310
"162",7080,25937,2351,3645
"163",7081,52935,2963,20613
"164",7082,15518,804,NA
"165",7083,19092,1974,5244
"166",7084,8561,856,NA
"167",7085,10890,946,7994
"168",7086,25627,2420,22354
"169",7087,41672,3620,22581
"170",7088,2308,242,NA
"171",7089,353706,37919,254201
"172",7090,4547,533,NA
"173",7091,13592,1263,8421
"174",7092,21426,2460,4950
"175",7093,48162,2916,8464
"176",7094,49499,3513,25636
"177",7096,83505,6061,27668
"178",7097,91913,11637,52357
"179",7098,7211,583,4600
"180",7099,83111,8950,23803
"181",7100,38025,3373,10962
"182",7101,604147,65271,594496
"183",7102,41024,4878,16539
"184",7103,30302,3395,6106
"185",7104,16560,1900,9412
"186",7105,16008,2179,7321
"187",7106,67292,6929,41780
"188",7107,65643,7093,42321
"189",7108,109536,12369,74664
"190",7109,40285,3281,18926
"191",7110,7526,626,4998
"192",7111,45373,2995,20545
"193",7112,37948,1787,11799
"194",7113,8480,398,NA
"195",7114,23603,1509,10026
"196",7115,14714,908,2705
"197",7116,12892,819,2769
"198",7117,8412,633,3191
"199",7118,6047,339,3869
"200",7119,4959,208,NA
"201",7120,4315,316,NA
"202",7121,8718,558,6732
"203",7122,15587,2005,11949
"204",7123,10783,1316,5240
"205",7124,23847,2220,7968
"206",7125,11650,961,NA
"207",8001,14635,1403,10510
"208",8002,26047,3152,22568
"209",8003,8487,1633,4608
"210",8004,24344,1108,25988
"211",8005,26093,2658,21108
"212",8006,5807,1250,NA
"213",8007,16440,1839,NA
"214",8008,11270,1046,NA
"215",8009,23351,2780,15383
"216",8010,25146,3095,20179
"217",8011,49499,6747,42019
"218",8012,8113,1207,NA
"219",8013,11815,1682,7134
"220",8014,2034,429,NA
"221",8015,1230,255,NA
"222",8016,3704,629,NA
"223",8017,180638,20497,145782
"224",8018,5099,984,NA
"225",8019,937674,117377,925762
"226",8020,6222,794,NA
"227",8021,150506,19240,140157
"228",8022,2456,846,NA
"229",8023,6656,618,2504
"230",8024,3791,809,NA
"231",8025,7023,1432,4484
"232",8026,2448,709,NA
"233",8027,50180,4618,17410
"234",8028,4237,604,NA
"235",8029,50514,4067,9186
"236",8030,8196,976,2746
"237",8031,35473,5786,19115
"238",8032,116662,15553,113843
"239",8033,824,199,NA
"240",8034,5196,1218,2830
"241",8035,11005,1212,3194
"242",8036,40859,5211,35087
"243",8037,1512450,134989,1504934
"244",8038,4980,875,NA
"245",8039,4122,763,NA
"246",8040,25144,4012,17714
"247",8041,1302,203,NA
"248",8042,1178,276,NA
"249",8043,2742,630,NA
"250",8044,4314,787,2694
"251",8045,44853,5918,32979
"252",8046,7266,718,NA
"253",8047,4447,575,NA
"254",8048,22712,4403,5882
"255",8049,2757,482,NA
"256",8050,65753,8103,62038
"257",8051,8127,818,NA
"258",8052,24534,3527,22066
"259",8053,5111,811,NA
"260",8054,7695,1001,NA
"261",8055,16776,2498,8627
"262",8056,2079,482,NA
"263",8057,2197,572,NA
"264",8058,2696,544,NA
"265",8059,5004,858,4427
"266",8060,11582,1762,9169
"267",8061,3414,867,NA
"268",8062,29862,4481,14898
"269",8063,5320,1081,NA
"270",8064,1448,328,NA
"271",8065,17043,1892,NA
"272",8066,6512,847,NA
"273",8067,4775,1055,NA
"274",9002,432205,78650,432205
"275",9003,614447,126592,614447
"276",9004,217686,25803,212735
"277",9005,1173351,203469,1173351
"278",9006,404695,70907,404695
"279",9007,1835486,262064,1835486
"280",9008,247622,38073,246428
"281",9009,152685,16437,128710
"282",9010,759137,122319,759003
"283",9011,392313,46196,385321
"284",9012,699928,108894,685559
"285",9013,442178,60987,429481
"286",9014,434153,87344,434153
"287",9015,545884,93809,545884
"288",9016,414470,71111,414470
"289",9017,443704,78964,443704
"290",10001,31454,4589,11943
"291",10002,4321,429,NA
"292",10003,4084,530,NA
"293",10004,34955,4387,17279
"294",10005,688697,75853,623992
"295",10006,10038,1528,NA
"296",10007,372750,39908,311355
"297",10008,36695,4854,27879
"298",10009,9869,1341,3852
"299",10010,3843,784,NA
"300",10011,4748,1030,NA
"301",10012,163313,17792,129523
"302",10013,26932,2955,20679
"303",10014,48583,2964,NA
"304",10015,12894,2118,3892
"305",10016,19060,2803,5953
"306",10017,8003,1686,2765
"307",10018,10384,1924,6342
"308",10019,4924,483,NA
"309",10020,12656,2023,5256
"310",10021,11118,1647,5911
"311",10022,25623,3593,11509
"312",10023,51269,4018,29371
"313",10024,12818,1991,5079
"314",10025,2837,738,NA
"315",10026,17333,1698,5817
"316",10027,5251,859,NA
"317",10028,12013,1874,3161
"318",10029,2103,351,NA
"319",10030,1633,312,NA
"320",10031,6727,1153,3999
"321",10032,49207,5912,32618
"322",10033,6917,1011,4071
"323",10034,26300,2294,3222
"324",10035,11378,1958,5490
"325",10036,21143,2834,11708
"326",10037,9320,909,2897
"327",10038,23476,2954,17967
"328",10039,27981,3391,12850
"329",11001,92040,11108,33241
"330",11002,108697,18338,69614
"331",11003,174615,20204,78508
"332",11004,63392,7224,35506
"333",11005,117883,9749,82526
"334",11006,5296,907,NA
"335",11007,521169,60124,450118
"336",11008,41240,5644,16092
"337",11009,82216,8351,42284
"338",11010,11083,1531,3913
"339",11011,97928,11900,73479
"340",11012,30857,4165,15305
"341",11013,27390,2606,6192
"342",11014,163038,15765,69672
"343",11015,194500,20789,150620
"344",11016,21128,3005,5740
"345",11017,592953,64480,505779
"346",11018,38782,5217,28350
"347",11019,49517,7103,10849
"348",11020,1721215,165649,1631014
"349",11021,47261,8019,41910
"350",11022,26383,2789,7324
"351",11023,154960,21087,58620
"352",11024,12403,1742,3562
"353",11025,83842,6832,57864
"354",11026,65766,7132,24757
"355",11027,273417,35783,208088
"356",11028,94126,15847,63360
"357",11029,41054,4406,11193
"358",11030,119793,11952,47539
"359",11031,130871,13055,89326
"360",11032,89558,7449,34456
"361",11033,128536,11854,64359
"362",11034,5723,726,NA
"363",11035,82340,8734,56803
"364",11036,6714,1341,3966
"365",11037,203556,18264,125014
"366",11038,11304,1953,5651
"367",11039,35905,5905,16671
"368",11040,20007,1890,NA
"369",11041,61494,8604,52156
"370",11042,150054,20185,75678
"371",11043,21253,2620,2842
"372",11044,65791,6475,51034
"373",11045,11143,1661,NA
"374",11046,68741,11210,33983
"375",12001,779566,107218,693789
"376",12002,25205,2994,4072
"377",12003,37655,5132,12945
"378",12004,21225,2421,3115
"379",12005,7813,1014,4653
"380",12006,11112,1823,7256
"381",12007,33267,4659,22534
"382",12008,9147,1468,3156
"383",12009,5811,692,NA
"384",12010,28491,2485,6379
"385",12011,60680,9392,31957
"386",12012,69123,6207,20785
"387",12013,15099,2385,4676
"388",12014,15442,3067,7494
"389",12015,12982,2214,7233
"390",12016,12408,1854,NA
"391",12017,15579,2424,3637
"392",12018,14463,2097,6839
"393",12019,15598,1589,7862
"394",12020,21648,2013,3435
"395",12021,73056,10656,26405
"396",12022,38554,6162,10144
"397",12023,26627,3749,14494
"398",12024,7874,909,NA
"399",12025,17024,2170,4073
"400",12026,8272,1579,NA
"401",12027,20537,3710,4717
"402",12028,123722,13492,51541
"403",12029,283354,28130,253796
"404",12030,22250,2834,13440
"405",12031,6278,1073,NA
"406",12032,37254,3295,8442
"407",12033,17488,2293,7783
"408",12034,36593,6329,21061
"409",12035,154173,19975,138202
"410",12036,11739,1254,3110
"411",12037,6138,1061,NA
"412",12038,126001,13319,104672
"413",12039,26093,3777,12262
"414",12040,26357,2898,15745
"415",12041,29625,3046,NA
"416",12042,18613,2116,7629
"417",12043,18859,1672,4011
"418",12044,12402,1699,6052
"419",12045,28446,3234,11315
"420",12046,68207,6625,45407
"421",12047,7076,980,NA
"422",12048,44583,5984,30356
"423",12049,12753,1722,6184
"424",12050,38482,4685,29114
"425",12051,36143,4381,11029
"426",12052,46270,4399,20485
"427",12053,50124,7000,21215
"428",12054,24139,2985,4310
"429",12055,105586,14581,69139
"430",12056,46063,5664,11483
"431",12057,65237,10172,38239
"432",12058,53817,8123,27949
"433",12059,30806,5329,9639
"434",12060,13552,1838,NA
"435",12061,43171,5450,31241
"436",12062,22781,2200,5033
"437",12063,10092,1091,NA
"438",12064,11681,2226,4299
"439",12065,7602,1071,2529
"440",12066,96125,7880,62589
"441",12067,22209,3208,10863
"442",12068,26349,3973,6656
"443",12069,11966,1540,4406
"444",12070,7862,1390,5421
"445",12071,29891,3014,9803
"446",12072,12004,1031,NA
"447",12073,18031,2745,3679
"448",12074,21977,2843,11934
"449",12075,53126,5772,41576
"450",12076,40197,2432,2769
"451",12077,14280,1883,6857
"452",12078,21241,1924,3697
"453",12079,18381,1390,NA
"454",12080,7559,1244,3530
"455",12081,11679,1179,NA
"456",13001,22268,2625,NA
"457",13002,46065,4188,19759
"458",13003,61002,7839,44679
"459",13004,10313,1290,NA
"460",13005,18872,2649,12812
"461",13006,19162,3079,NA
"462",13007,12546,1578,5618
"463",13008,46681,6246,34443
"464",13009,19836,2309,6250
"465",13010,31525,3805,29103
"466",13011,19812,3554,2960
"467",13012,30135,4067,8417
"468",13013,62470,4695,47624
"469",13014,16150,3225,4235
"470",13015,19431,2789,NA
"471",13016,60421,7038,29634
"472",13017,12967,2177,NA
"473",13018,22903,3152,4054
"474",13019,18909,2504,2512
"475",13020,2593,653,NA
"476",13021,15175,2087,9584
"477",13022,16285,2128,3310
"478",13023,36248,4966,21191
"479",13024,17607,2271,NA
"480",13025,20673,4671,3806
"481",13026,12766,1854,NA
"482",13027,22846,3578,2993
"483",13028,126781,16169,54615
"484",13029,47425,6597,16878
"485",13030,98654,11218,44732
"486",13031,12290,2173,4582
"487",13032,10523,1713,5919
"488",13033,2895,584,NA
"489",13034,9474,1617,NA
"490",13035,13078,1455,NA
"491",13036,9449,1675,NA
"492",13037,20962,3591,3274
"493",13038,8878,1091,NA
"494",13039,14324,1914,11149
"495",13040,9819,1802,NA
"496",13041,47222,5783,30898
"497",13042,11578,1998,4995
"498",13043,6265,1060,NA
"499",13044,16948,3064,NA
"500",13045,9295,1184,NA
"501",13046,38492,6142,15122
"502",13047,4748,906,NA
"503",13048,314331,42791,305854
"504",13049,18723,2428,NA
"505",13050,23641,3211,20385
"506",13051,202749,17477,137894
"507",13052,38891,4653,17941
"508",13053,17699,2683,2764
"509",13054,36796,4991,6696
"510",13055,18329,2383,5254
"511",13056,39561,4317,26025
"512",13057,15142,1956,4805
"513",13058,17441,2650,4030
"514",13059,38010,4762,9261
"515",13060,17503,2388,2614
"516",13061,56245,8512,48105
"517",13062,31235,3576,NA
"518",13063,90546,9699,65954
"519",13064,10830,1769,NA
"520",13065,11768,1427,9145
"521",13066,13032,1452,8968
"522",13067,55134,6014,36203
"523",13068,14340,2257,NA
"524",13069,168302,13266,158965
"525",13070,19067,2160,16220
"526",13071,9086,1813,NA
"527",13072,11113,1683,8062
"528",13073,37722,4754,8669
"529",13074,28626,3360,27309
"530",13075,21362,2175,16700
"531",13076,115107,14708,82249
"532",13077,168369,19373,145854
"533",13078,18260,2751,NA
"534",13079,7015,1447,NA
"535",13080,24674,3518,4941
"536",13081,38155,3862,29472
"537",13082,21443,2657,21171
"538",13083,57906,6496,35104
"539",13084,39927,5503,14732
"540",14001,23175,2714,15927
"541",14002,25250,2723,21951
"542",14003,23630,3364,19733
"543",14004,5743,888,3025
"544",14005,16490,1750,12180
"545",14006,60386,9624,40620
"546",14007,9433,1445,5595
"547",14008,80609,8599,63933
"548",14009,21115,2192,15419
"549",14010,7758,793,6434
"550",14011,5599,990,NA
"551",14012,4176,800,NA
"552",14013,64009,7731,40703
"553",14014,8689,1505,5389
"554",14015,64931,8793,52019
"555",14016,41552,4931,28016
"556",14017,12880,2190,7469
"557",14018,67937,9347,41577
"558",14019,7043,551,NA
"559",14020,10940,1676,3835
"560",14021,20548,3198,14683
"561",14022,40139,4932,33547
"562",14023,115141,14744,111975
"563",14024,29267,4717,19188
"564",14025,19689,2720,15129
"565",14026,6334,995,5113
"566",14027,18370,2450,2794
"567",14028,2166,452,NA
"568",14029,17820,2787,5011
"569",14030,55196,11106,49411
"570",14031,3270,505,NA
"571",14032,5983,762,4299
"572",14033,21226,3016,11612
"573",14034,1981,492,NA
"574",14035,53039,6677,31895
"575",14036,20011,2850,14697
"576",14037,25920,3742,22738
"577",14038,4199,816,NA
"578",14039,1385629,238500,1385621
"579",14040,8732,1215,3500
"580",14041,5920,1242,3762
"581",14042,10015,1583,5949
"582",14043,23258,3513,7954
"583",14044,67969,5000,47342
"584",14045,20465,2992,6882
"585",14046,32678,4038,24890
"586",14047,24894,3063,21519
"587",14048,18982,2722,9436
"588",14049,9425,1218,NA
"589",14050,47105,5762,39089
"590",14051,30855,2249,26261
"591",14052,5534,1019,3528
"592",14053,172403,17780,123184
"593",14054,5368,1275,3125
"594",14055,21781,2782,16873
"595",14056,1815,344,NA
"596",14057,4099,719,2728
"597",14058,14451,2551,9272
"598",14059,14043,1789,8142
"599",14060,5307,1058,3349
"600",14061,22083,1794,2639
"601",14062,3638,678,NA
"602",14063,106050,13127,97632
"603",14064,33588,3487,19859
"604",14065,11386,2033,6668
"605",14066,53659,5543,38796
"606",14067,291839,28393,277440
"607",14068,11303,2045,5965
"608",14069,7734,1662,NA
"609",14070,232852,15937,225749
"610",14071,2924,473,NA
"611",14072,7609,1012,6025
"612",14073,72230,7429,57728
"613",14074,16792,2332,14520
"614",14075,3791,632,3478
"615",14076,3095,512,NA
"616",14077,28102,5134,15151
"617",14078,31965,4258,25925
"618",14079,16431,1909,14677
"619",14080,5086,990,NA
"620",14081,3515,781,NA
"621",14082,37186,4770,36462
"622",14083,87690,9000,71448
"623",14084,14997,2422,10112
"624",14085,38955,6525,22997
"625",14086,21245,1830,9899
"626",14087,16705,2740,13243
"627",14088,16603,2847,9668
"628",14089,4072,652,2856
"629",14090,7302,1394,4940
"630",14091,39839,5618,27436
"631",14092,11039,2191,3986
"632",14093,150190,16619,127483
"633",14094,44353,4638,34286
"634",14095,9647,1546,3950
"635",14096,22758,3284,19431
"636",14097,727750,42070,686510
"637",14098,687127,66660,678905
"638",14099,11219,1543,3238
"639",14100,36316,5084,19355
"640",14101,569913,47246,560074
"641",14102,5961,1119,3706
"642",14103,7565,1257,6683
"643",14104,4180,959,NA
"644",14105,23573,3070,13809
"645",14106,5482,802,NA
"646",14107,6702,1012,3814
"647",14108,37518,5226,30471
"648",14109,19069,2391,8737
"649",14110,13799,2490,9529
"650",14111,6627,929,4628
"651",14112,6151,1149,4418
"652",14113,16548,2306,5109
"653",14114,19063,2839,16650
"654",14115,5525,972,4023
"655",14116,20088,2348,15594
"656",14117,4388,863,3024
"657",14118,22394,4181,14497
"658",14119,30472,4444,20345
"659",14120,1476491,172228,1449455
"660",14121,33713,4524,30172
"661",14122,7466,1137,4214
"662",14123,19279,2453,6410
"663",14124,64806,7404,39166
"664",14125,18341,2161,10521
"665",15001,67872,7502,10652
"666",15002,171507,15560,166105
"667",15003,49266,5188,2832
"668",15004,15333,1825,3158
"669",15005,174587,13665,98922
"670",15006,12694,1365,10792
"671",15007,23675,2145,8918
"672",15008,25244,4430,3022
"673",15009,53441,6506,44990
"674",15010,31898,3465,23039
"675",15011,75489,6708,69057
"676",15012,12984,1145,10873
"677",15013,523674,74812,523065
"678",15014,109384,9638,69252
"679",15015,31900,3475,28851
"680",15016,29128,3428,16627
"681",15017,10053,1049,3975
"682",15018,68489,6039,50482
"683",15019,36921,3808,32025
"684",15020,293444,40704,293245
"685",15021,38643,3549,6944
"686",15022,15107,1747,10290
"687",15023,40885,3781,37442
"688",15024,178847,15288,172626
"689",15025,400057,33199,387174
"690",15026,31737,2998,13964
"691",15027,12772,1108,10663
"692",15028,30045,3230,22064
"693",15029,200750,17362,193532
"694",15030,27692,2763,25868
"695",15031,705193,59108,703215
"696",15032,37436,2872,13856
"697",15033,1645352,222028,1643623
"698",15034,10827,997,8294
"699",15035,163244,9723,156685
"700",15036,46757,4854,42286
"701",15037,284965,33442,256236
"702",15038,11929,1145,NA
"703",15039,542211,48000,524818
"704",15040,36911,4115,19326
"705",15041,6475,749,NA
"706",15042,160139,15297,122094
"707",15043,30687,2656,17121
"708",15044,28217,3727,28217
"709",15045,87671,9732,43422
"710",15046,19877,2080,7925
"711",15047,76826,7450,24363
"712",15048,69264,7417,37690
"713",15049,15428,1551,9876
"714",15050,27116,2681,25268
"715",15051,170327,15695,122853
"716",15052,28155,3363,12015
"717",15053,61220,5875,59014
"718",15054,242307,34401,232009
"719",15055,13807,1323,10854
"720",15056,33164,3714,19064
"721",15057,834434,121122,805719
"722",15058,1077208,164512,1081520
"723",15059,57082,3835,53550
"724",15060,430601,41732,402711
"725",15061,10351,1279,8699
"726",15062,72103,7613,54405
"727",15063,36223,3370,3138
"728",15064,36937,3974,5970
"729",15065,36331,3997,22649
"730",15066,4891,598,NA
"731",15067,88783,7076,61740
"732",15068,30785,3398,24951
"733",15069,4862,560,4784
"734",15070,304088,28948,299882
"735",15071,14985,1890,3211
"736",15072,15972,1521,15243
"737",15073,31962,2191,29933
"738",15074,144924,11257,68772
"739",15075,29182,3232,14283
"740",15076,97418,8587,96415
"741",15077,6692,804,NA
"742",15078,9729,1098,NA
"743",15079,14323,1652,5706
"744",15080,24145,3128,6543
"745",15081,547503,45981,536414
"746",15082,79282,8835,34187
"747",15083,14130,1223,9111
"748",15084,43593,4653,31687
"749",15085,66414,7695,29794
"750",15086,35014,3594,NA
"751",15087,105766,7982,63669
"752",15088,104677,10366,65813
"753",15089,11359,1327,9202
"754",15090,90518,8576,73583
"755",15091,65459,6787,62291
"756",15092,58507,6548,50957
"757",15093,32564,3478,23353
"758",15094,20500,2275,14944
"759",15095,103696,11247,85423
"760",15096,39489,4051,36516
"761",15097,18482,1898,2915
"762",15098,5736,608,5104
"763",15099,277562,32246,239778
"764",15100,47044,4254,44280
"765",15101,84259,7979,56863
"766",15102,16414,2159,NA
"767",15103,49196,6528,42324
"768",15104,672202,109805,671937
"769",15105,31762,5309,2503
"770",15106,910608,98137,869426
"771",15107,12912,1959,7021
"772",15108,157645,14702,150869
"773",15109,516341,62216,514688
"774",15110,61590,6115,32223
"775",15111,53275,4204,6294
"776",15112,51498,4781,21500
"777",15113,69086,5770,34778
"778",15114,108196,7745,22553
"779",15115,54633,5136,42346
"780",15116,5109,511,3477
"781",15117,13522,1836,3089
"782",15118,203872,17275,170131
"783",15119,18833,1897,4831
"784",15120,280455,21286,257801
"785",15121,555163,80062,545665
"786",15122,391731,38885,390901
"787",15123,28822,3924,8704
"788",15124,100082,7499,5328
"789",15125,14883,1259,13749
"790",16001,11301,1546,7439
"791",16002,14754,2219,11055
"792",16003,23000,3156,9513
"793",16004,14943,2596,5044
"794",16005,10892,1336,3977
"795",16006,126191,14214,105629
"796",16007,3529,443,NA
"797",16008,24676,2801,NA
"798",16009,36268,4362,18097
"799",16010,20332,2902,11046
"800",16011,11681,1668,8443
"801",16012,45538,5008,30500
"802",16013,9176,1342,4149
"803",16014,17022,2098,12024
"804",16015,19633,2587,13806
"805",16016,20965,4279,6593
"806",16017,35070,4124,7079
"807",16018,9484,1362,3165
"808",16019,20198,3287,14074
"809",16020,29910,4284,22320
"810",16021,13539,1767,11494
"811",16022,25138,3045,11558
"812",16023,10417,1819,6596
"813",16024,20586,2284,19912
"814",16025,40560,4340,29812
"815",16026,4773,689,NA
"816",16027,4944,1109,NA
"817",16028,5233,1277,2580
"818",16029,12342,1793,4407
"819",16030,11850,2588,4358
"820",16031,16112,2462,NA
"821",16032,15715,2489,6084
"822",16033,21466,2691,12309
"823",16034,125712,14263,87132
"824",16035,30627,4356,12820
"825",16036,11644,2168,6689
"826",16037,7945,1969,2595
"827",16038,41973,6975,23836
"828",16039,9015,987,3251
"829",16040,18385,2325,11099
"830",16041,16043,1870,6194
"831",16042,14302,2390,5091
"832",16043,68781,7616,64512
"833",16044,12946,2738,3974
"834",16045,36158,6039,24662
"835",16046,14936,1974,6566
"836",16047,19834,2446,5011
"837",16048,5745,815,2664
"838",16049,19086,2109,7633
"839",16050,89311,10093,48914
"840",16051,13983,2048,10466
"841",16052,196003,19440,180495
"842",16053,849053,109264,789641
"843",16054,7983,1673,2526
"844",16055,45732,5356,38019
"845",16056,32598,3683,29631
"846",16057,8196,1202,3910
"847",16058,20981,1930,16745
"848",16059,9027,1189,NA
"849",16060,9437,1491,4788
"850",16061,24774,2096,7695
"851",16062,21028,2998,14634
"852",16063,14889,2743,5267
"853",16064,26832,3139,14169
"854",16065,39657,4596,31647
"855",16066,98382,12063,72955
"856",16067,16621,3201,3357
"857",16068,29389,2816,17652
"858",16069,106490,13913,91206
"859",16070,15503,2650,13821
"860",16071,69260,10417,39414
"861",16072,13961,1982,9473
"862",16073,27176,3820,20642
"863",16074,10553,1634,7251
"864",16075,78935,8515,62716
"865",16076,78477,9744,70042
"866",16077,17677,3261,6477
"867",16078,12812,2332,7220
"868",16079,49896,5215,31315
"869",16080,19833,2343,2763
"870",16081,9076,1179,NA
"871",16082,79540,8376,42747
"872",16083,33453,3066,8133
"873",16084,31716,3393,26647
"874",16085,35256,5263,22043
"875",16086,15534,2364,8707
"876",16087,15589,2061,7117
"877",16088,114513,9547,65772
"878",16089,24074,3410,17293
"879",16090,16325,1751,14836
"880",16091,14934,2179,7788
"881",16092,12836,1907,3664
"882",16093,28556,3309,3627
"883",16094,6420,1496,3002
"884",16095,12325,2033,7785
"885",16096,5971,876,NA
"886",16097,29056,3927,6845
"887",16098,25757,3299,8962
"888",16099,14329,2242,2959
"889",16100,14911,2149,7780
"890",16101,8855,1237,NA
"891",16102,356786,41551,334669
"892",16103,23469,3871,18574
"893",16104,15864,3151,6388
"894",16105,20982,2932,14990
"895",16106,32303,3899,26691
"896",16107,76829,11768,61978
"897",16108,204860,24972,183116
"898",16109,3232,762,NA
"899",16110,49005,7470,19870
"900",16111,18402,1816,8807
"901",16112,157056,17834,96812
"902",16113,26213,4755,10132
"903",17001,17598,2616,8530
"904",17002,25232,3735,11524
"905",17003,39174,4680,28437
"906",17004,89834,11324,58857
"907",17005,10520,1630,NA
"908",17006,187118,26205,164373
"909",17007,378476,64606,356889
"910",17008,107053,12733,101215
"911",17009,24515,2831,12870
"912",17010,18402,2220,13716
"913",17011,215357,28948,208024
"914",17012,57682,9034,47337
"915",17013,16694,2300,15401
"916",17014,9653,1478,4178
"917",17015,15802,2355,7466
"918",17016,19219,2189,12596
"919",17017,40018,5865,29777
"920",17018,122263,15041,108462
"921",17019,28122,4077,20437
"922",17020,54987,6851,30942
"923",17021,7617,1236,4781
"924",17022,14853,1432,12162
"925",17023,7943,848,4383
"926",17024,52399,7468,35300
"927",17025,33789,5252,18342
"928",17026,19408,2520,8374
"929",17027,12750,1498,9471
"930",17028,73539,8619,57440
"931",17029,105780,14549,84033
"932",17030,56083,6107,40629
"933",17031,36094,6004,32697
"934",17032,9965,1463,9170
"935",17033,16574,1730,14847
"936",17034,11347,1247,9672
"937",17035,27805,2303,24073
"938",17036,7855,909,7352
"939",18001,37232,6032,19976
"940",18002,15393,2749,7259
"941",18003,11536,2310,3267
"942",18004,77436,11303,55988
"943",18005,12230,1270,3666
"944",18006,29299,4098,25477
"945",18007,19321,2508,13360
"946",18008,65229,6602,54389
"947",18009,47550,3077,6671
"948",18010,33567,5537,8476
"949",18011,24096,3227,14678
"950",18012,41518,6548,21227
"951",18013,7683,1504,4007
"952",18014,24911,3549,8484
"953",18015,93981,15684,42837
"954",18016,37135,7384,21250
"955",18017,425924,53569,389418
"956",18018,30064,5234,24870
"957",18019,13719,1446,NA
"958",18020,187632,13764,169754
"959",19001,2974,328,NA
"960",19002,3382,878,NA
"961",19003,1407,380,NA
"962",19004,35289,4687,28843
"963",19005,18030,2651,16414
"964",19006,656464,40606,646614
"965",19007,14992,2755,5271
"966",19008,3661,669,3524
"967",19009,122337,12403,104904
"968",19010,104478,2810,103153
"969",19011,7340,1207,6739
"970",19012,68747,2762,68266
"971",19013,9930,1777,8264
"972",19014,36088,5646,11822
"973",19015,1360,327,NA
"974",19016,3256,482,NA
"975",19017,40903,6380,10387
"976",19018,397205,13037,389146
"977",19019,132169,25456,132128
"978",19020,5506,923,4036
"979",19021,481213,32366,476327
"980",19022,14109,2905,6490
"981",19023,1808,476,NA
"982",19024,6282,965,2986
"983",19025,102149,3162,100451
"984",19026,643143,103783,642928
"985",19027,1959,564,NA
"986",19028,1386,249,NA
"987",19029,7026,1256,5854
"988",19030,3298,603,NA
"989",19031,471523,19180,459279
"990",19032,5351,849,5086
"991",19033,84666,11279,70378
"992",19034,5119,638,2791
"993",19035,1483,305,NA
"994",19036,7652,1130,NA
"995",19037,6048,713,5277
"996",19038,67428,9394,54467
"997",19039,1142994,193946,1142952
"998",19040,906,258,NA
"999",19041,147624,4459,137750
"1000",19042,5389,1310,NA
"1001",19043,2377,476,NA
"1002",19044,34709,5386,33522
"1003",19045,86766,4301,82392
"1004",19046,412199,83997,412199
"1005",19047,16086,2149,16057
"1006",19048,306322,32877,304052
"1007",19049,46784,7699,43019
"1008",19050,1552,378,NA
"1009",19051,3573,833,2578
"1010",20001,841,126,NA
"1011",20002,45167,6085,18974
"1012",20003,2547,517,NA
"1013",20004,1107,209,NA
"1014",20005,15261,3168,7616
"1015",20006,20464,2419,15851
"1016",20007,2395,691,NA
"1017",20008,734,212,NA
"1018",20009,6857,763,3883
"1019",20010,13474,2505,2558
"1020",20011,1402,251,NA
"1021",20012,11166,1145,NA
"1022",20013,3043,615,2980
"1023",20014,28082,4324,26015
"1024",20015,5356,838,3192
"1025",20016,9563,813,NA
"1026",20017,3607,682,NA
"1027",20018,752,192,NA
"1028",20019,2754,598,NA
"1029",20020,4847,506,NA
"1030",20021,14488,1799,8325
"1031",20022,803,295,NA
"1032",20023,26882,2780,15763
"1033",20024,3644,698,NA
"1034",20025,11356,1558,11054
"1035",20026,9035,1443,2737
"1036",20027,2179,493,NA
"1037",20028,23148,3560,11168
"1038",20029,4215,651,NA
"1039",20030,8730,1572,8125
"1040",20031,7185,1168,3020
"1041",20032,1077,242,NA
"1042",20033,2929,435,NA
"1043",20034,1288,307,NA
"1044",20035,657,87,NA
"1045",20036,5256,716,NA
"1046",20037,4424,662,NA
"1047",20038,1885,341,NA
"1048",20039,78313,9156,56163
"1049",20040,6385,766,NA
"1050",20041,31710,5259,12482
"1051",20042,8385,991,3350
"1052",20043,113570,13073,100867
"1053",20044,40934,6335,31469
"1054",20045,7888,867,3013
"1055",20046,2943,737,NA
"1056",20047,81,26,NA
"1057",20048,1433,136,NA
"1058",20049,1184,164,NA
"1059",20050,3750,576,NA
"1060",20051,4764,548,4644
"1061",20052,5996,1105,3605
"1062",20053,1297,284,NA
"1063",20054,404,89,NA
"1064",20055,3739,678,NA
"1065",20056,1446,233,NA
"1066",20057,38183,5906,24332
"1067",20058,12722,2157,NA
"1068",20059,50375,5561,29130
"1069",20060,2487,379,NA
"1070",20061,2893,462,NA
"1071",20062,498,99,NA
"1072",20063,4293,656,4205
"1073",20064,8494,1309,NA
"1074",20065,1079,346,NA
"1075",20066,5342,1136,3218
"1076",20067,270955,39458,267419
"1077",20068,23751,3068,16645
"1078",20069,3052,267,2527
"1079",20070,6416,971,5471
"1080",20071,3255,451,NA
"1081",20072,8059,843,3583
"1082",20073,34652,4576,12729
"1083",20074,456,63,NA
"1084",20075,2660,664,2660
"1085",20076,3411,465,NA
"1086",20077,4370,563,NA
"1087",20078,1301,231,NA
"1088",20079,84438,12035,76660
"1089",20080,1593,413,NA
"1090",20081,1871,508,NA
"1091",20082,4163,607,NA
"1092",20083,11391,887,8603
"1093",20084,4168,714,4166
"1094",20085,26194,2351,2780
"1095",20086,1032,201,NA
"1096",20087,5521,571,4897
"1097",20088,2881,466,NA
"1098",20089,2308,371,NA
"1099",20090,6234,799,4590
"1100",20091,6279,891,5699
"1101",20092,1776,348,NA
"1102",20093,518,122,NA
"1103",20094,1850,364,NA
"1104",20095,4562,481,NA
"1105",20096,756,142,NA
"1106",20097,1771,444,NA
"1107",20098,4233,660,NA
"1108",20099,381,73,NA
"1109",20100,393,150,NA
"1110",20101,748,146,NA
"1111",20102,5326,713,NA
"1112",20103,6064,871,5804
"1113",20104,2705,288,NA
"1114",20105,7678,872,NA
"1115",20106,249,54,NA
"1116",20107,26282,2290,24419
"1117",20108,2936,627,NA
"1118",20109,1232,184,NA
"1119",20110,1668,197,NA
"1120",20111,4873,583,2900
"1121",20112,2576,640,2552
"1122",20113,3169,378,2573
"1123",20114,674,215,NA
"1124",20115,10391,1108,9097
"1125",20116,4131,622,2865
"1126",20117,2213,314,NA
"1127",20118,2389,471,NA
"1128",20119,735,165,NA
"1129",20120,449,79,NA
"1130",20121,596,180,NA
"1131",20122,653,146,NA
"1132",20123,2829,423,NA
"1133",20124,19696,2156,16091
"1134",20125,11662,1607,NA
"1135",20126,5396,688,4316
"1136",20127,1252,192,NA
"1137",20128,1342,310,NA
"1138",20129,356,75,NA
"1139",20130,5180,714,3210
"1140",20131,11411,1462,9857
"1141",20132,1380,222,NA
"1142",20133,3934,633,NA
"1143",20134,28500,2777,6863
"1144",20135,8231,1015,2521
"1145",20136,12191,1761,5412
"1146",20137,3450,498,NA
"1147",20138,451,136,NA
"1148",20139,2195,281,NA
"1149",20140,812,141,NA
"1150",20141,8710,891,5461
"1151",20142,842,257,NA
"1152",20143,9461,1555,5433
"1153",20144,1075,278,NA
"1154",20145,5215,529,5091
"1155",20146,2803,263,NA
"1156",20147,376,94,NA
"1157",20148,2182,233,NA
"1158",20149,2019,248,NA
"1159",20150,13856,1528,12474
"1160",20151,312,72,NA
"1161",20152,2472,315,NA
"1162",20153,4910,503,3673
"1163",20154,2329,368,NA
"1164",20155,1060,113,NA
"1165",20156,3677,639,NA
"1166",20157,16827,1678,16827
"1167",20158,2233,284,NA
"1168",20159,5537,540,NA
"1169",20160,1429,263,NA
"1170",20161,2730,555,NA
"1171",20162,2046,206,NA
"1172",20163,1577,291,NA
"1173",20164,2881,498,NA
"1174",20165,1629,263,NA
"1175",20166,11310,1547,3480
"1176",20167,2149,219,NA
"1177",20168,938,151,NA
"1178",20169,4251,635,NA
"1179",20170,3700,522,NA
"1180",20171,18102,2730,NA
"1181",20172,408,134,NA
"1182",20173,1457,329,NA
"1183",20174,4564,555,4227
"1184",20175,1424,292,NA
"1185",20176,2725,623,NA
"1186",20177,10365,1606,5403
"1187",20178,6692,814,NA
"1188",20179,1447,300,NA
"1189",20180,2344,465,NA
"1190",20181,453,135,NA
"1191",20182,2181,338,NA
"1192",20183,1475,224,NA
"1193",20184,159452,19458,110213
"1194",20185,8939,1202,4254
"1195",20186,524,128,NA
"1196",20187,1808,353,NA
"1197",20188,9609,1302,5679
"1198",20189,3116,306,NA
"1199",20190,22444,3105,7612
"1200",20191,296,82,NA
"1201",20192,1522,306,NA
"1202",20193,2807,448,2769
"1203",20194,1372,312,NA
"1204",20195,1056,351,NA
"1205",20196,407,130,NA
"1206",20197,3288,606,3175
"1207",20198,29802,5512,4131
"1208",20199,494,164,NA
"1209",20200,3703,632,NA
"1210",20201,1880,214,NA
"1211",20202,4577,456,NA
"1212",20203,3538,347,NA
"1213",20204,634,160,NA
"1214",20205,16989,2212,NA
"1215",20206,2421,436,NA
"1216",20207,19032,2272,NA
"1217",20208,6941,1788,NA
"1218",20209,607,180,NA
"1219",20210,5773,959,NA
"1220",20211,3411,329,NA
"1221",20212,3117,339,NA
"1222",20213,4203,432,NA
"1223",20214,2033,410,NA
"1224",20215,879,149,NA
"1225",20216,1241,242,NA
"1226",20217,3325,576,NA
"1227",20218,544,145,NA
"1228",20219,2668,612,2646
"1229",20220,2692,491,NA
"1230",20221,1494,281,NA
"1231",20222,1426,251,NA
"1232",20223,440,83,NA
"1233",20224,643,157,NA
"1234",20225,5903,769,NA
"1235",20226,2971,488,NA
"1236",20227,18339,2020,15633
"1237",20228,833,111,NA
"1238",20229,9148,700,NA
"1239",20230,932,233,NA
"1240",20231,3187,363,2994
"1241",20232,22185,2474,6152
"1242",20233,1720,376,NA
"1243",20234,7163,1041,NA
"1244",20235,3829,691,NA
"1245",20236,1372,170,NA
"1246",20237,1568,344,NA
"1247",20238,994,159,NA
"1248",20239,1000,228,NA
"1249",20240,2749,334,NA
"1250",20241,1034,230,NA
"1251",20242,12436,1532,3051
"1252",20243,1975,301,NA
"1253",20244,3934,523,NA
"1254",20245,1324,241,NA
"1255",20246,611,123,NA
"1256",20247,1619,242,NA
"1257",20248,15571,1583,8873
"1258",20249,3831,436,2752
"1259",20250,1239,195,NA
"1260",20251,1217,176,NA
"1261",20252,2384,328,NA
"1262",20253,2021,448,NA
"1263",20254,3207,497,NA
"1264",20255,1977,309,NA
"1265",20256,229,48,NA
"1266",20257,1052,225,NA
"1267",20258,698,201,NA
"1268",20259,2142,413,NA
"1269",20260,2191,348,NA
"1270",20261,6932,991,NA
"1271",20262,991,166,NA
"1272",20263,3184,412,NA
"1273",20264,2169,364,NA
"1274",20265,6711,980,NA
"1275",20266,8551,1074,NA
"1276",20267,245,50,NA
"1277",20268,1149,160,NA
"1278",20269,4313,736,NA
"1279",20270,1311,271,NA
"1280",20271,3194,315,NA
"1281",20272,6252,511,5890
"1282",20273,3818,426,NA
"1283",20274,1328,233,NA
"1284",20275,7286,884,3637
"1285",20276,691,171,NA
"1286",20277,12350,1685,NA
"1287",20278,38682,4715,7263
"1288",20279,2932,381,NA
"1289",20280,2011,432,NA
"1290",20281,305,103,NA
"1291",20282,653,122,NA
"1292",20283,1044,230,NA
"1293",20284,3141,478,3108
"1294",20285,3668,428,NA
"1295",20286,3100,646,NA
"1296",20287,307,95,NA
"1297",20288,585,76,NA
"1298",20289,1214,241,NA
"1299",20290,1043,182,NA
"1300",20291,4308,613,NA
"1301",20292,1510,183,NA
"1302",20293,17116,1601,11894
"1303",20294,7035,1120,6072
"1304",20295,10020,1540,9610
"1305",20296,955,264,NA
"1306",20297,2751,277,NA
"1307",20298,13587,1921,9654
"1308",20299,1125,170,NA
"1309",20300,6632,838,4922
"1310",20301,1594,331,NA
"1311",20302,4559,469,2729
"1312",20303,1081,249,NA
"1313",20304,716,184,NA
"1314",20305,4333,810,4265
"1315",20306,4654,434,NA
"1316",20307,9735,1563,NA
"1317",20308,3307,368,3247
"1318",20309,10368,1368,3440
"1319",20310,14552,1024,3888
"1320",20311,483,145,NA
"1321",20312,11279,1450,4386
"1322",20313,730,209,NA
"1323",20314,1755,246,NA
"1324",20315,1899,340,NA
"1325",20316,738,131,NA
"1326",20317,1257,230,NA
"1327",20318,49780,4738,41700
"1328",20319,972,187,NA
"1329",20320,706,169,NA
"1330",20321,751,154,NA
"1331",20322,786,165,NA
"1332",20323,2404,304,NA
"1333",20324,48204,5222,17062
"1334",20325,11930,1358,7724
"1335",20326,5052,606,NA
"1336",20327,15479,2397,8154
"1337",20328,1441,127,NA
"1338",20329,1153,224,NA
"1339",20330,4296,594,NA
"1340",20331,982,269,NA
"1341",20332,373,134,NA
"1342",20333,3294,532,NA
"1343",20334,50541,6209,25807
"1344",20335,867,112,NA
"1345",20336,1697,358,NA
"1346",20337,5616,983,NA
"1347",20338,10361,1307,7997
"1348",20339,4353,665,NA
"1349",20340,1747,571,NA
"1350",20341,241,48,NA
"1351",20342,4105,369,NA
"1352",20343,1999,416,NA
"1353",20344,2809,380,NA
"1354",20345,4188,660,NA
"1355",20346,1542,313,NA
"1356",20347,4202,480,NA
"1357",20348,8192,1412,2708
"1358",20349,2189,382,NA
"1359",20350,16878,2036,16822
"1360",20351,2802,490,NA
"1361",20352,4940,339,NA
"1362",20353,2406,325,NA
"1363",20354,477,102,NA
"1364",20355,681,152,NA
"1365",20356,2179,406,NA
"1366",20357,848,218,NA
"1367",20358,1958,484,NA
"1368",20359,637,210,NA
"1369",20360,3981,691,2879
"1370",20361,825,163,NA
"1371",20362,1495,369,NA
"1372",20363,2675,446,NA
"1373",20364,18654,1722,8084
"1374",20365,1059,251,NA
"1375",20366,3676,489,2983
"1376",20367,4582,579,4526
"1377",20368,2067,315,NA
"1378",20369,2193,362,NA
"1379",20370,662,138,NA
"1380",20371,986,276,NA
"1381",20372,1316,388,NA
"1382",20373,403,102,NA
"1383",20374,1645,189,NA
"1384",20375,13200,1179,13200
"1385",20376,365,92,NA
"1386",20377,10860,1527,NA
"1387",20378,3720,543,NA
"1388",20379,2951,415,NA
"1389",20380,2242,379,NA
"1390",20381,2940,475,NA
"1391",20382,1182,238,NA
"1392",20383,595,112,NA
"1393",20384,4794,658,3968
"1394",20385,100402,9540,87116
"1395",20386,19079,1717,NA
"1396",20387,2891,569,2547
"1397",20388,2809,269,NA
"1398",20389,908,193,NA
"1399",20390,50362,6024,50362
"1400",20391,3375,347,NA
"1401",20392,6726,1139,NA
"1402",20393,4173,497,4094
"1403",20394,2796,461,NA
"1404",20395,1629,473,NA
"1405",20396,3259,577,NA
"1406",20397,40123,4474,18915
"1407",20398,4874,921,4022
"1408",20399,41921,3341,28586
"1409",20400,1713,388,NA
"1410",20401,27046,2422,10632
"1411",20402,1067,144,NA
"1412",20403,3751,373,2993
"1413",20404,761,186,NA
"1414",20405,1815,366,NA
"1415",20406,21469,2960,NA
"1416",20407,9578,847,2516
"1417",20408,499,100,NA
"1418",20409,8939,1383,8268
"1419",20410,3418,565,NA
"1420",20411,908,144,NA
"1421",20412,3178,367,NA
"1422",20413,50862,4019,34593
"1423",20414,11995,1766,7970
"1424",20415,4878,685,NA
"1425",20416,461,132,NA
"1426",20417,9682,1344,NA
"1427",20418,11735,1933,8958
"1428",20419,592,119,NA
"1429",20420,1679,148,NA
"1430",20421,4690,773,3651
"1431",20422,603,142,NA
"1432",20423,453,144,NA
"1433",20424,3793,505,NA
"1434",20425,2058,284,NA
"1435",20426,8967,1042,NA
"1436",20427,16706,2002,5264
"1437",20428,2224,240,NA
"1438",20429,1516,309,NA
"1439",20430,317,73,NA
"1440",20431,1830,272,NA
"1441",20432,903,170,NA
"1442",20433,2694,231,NA
"1443",20434,3985,650,NA
"1444",20435,3576,437,NA
"1445",20436,896,196,NA
"1446",20437,9653,1328,3525
"1447",20438,1839,220,NA
"1448",20439,25347,2501,2645
"1449",20440,812,213,NA
"1450",20441,9234,804,8632
"1451",20442,250,51,NA
"1452",20443,434,92,NA
"1453",20444,481,91,NA
"1454",20445,1699,219,NA
"1455",20446,6008,1241,NA
"1456",20447,17100,2197,5961
"1457",20448,2469,174,NA
"1458",20449,3294,696,NA
"1459",20450,13855,894,NA
"1460",20451,1019,303,NA
"1461",20452,4421,755,3821
"1462",20453,3918,658,NA
"1463",20454,3556,432,NA
"1464",20455,2904,435,NA
"1465",20456,1667,304,NA
"1466",20457,3346,396,NA
"1467",20458,1157,302,NA
"1468",20459,4877,1229,NA
"1469",20460,5242,700,NA
"1470",20461,527,188,NA
"1471",20462,4600,716,NA
"1472",20463,525,194,NA
"1473",20464,341,91,NA
"1474",20465,1636,190,NA
"1475",20466,13880,1036,NA
"1476",20467,19112,2660,10387
"1477",20468,14198,1532,NA
"1478",20469,34735,4082,10611
"1479",20470,4394,777,NA
"1480",20471,431,72,NA
"1481",20472,3361,664,2821
"1482",20473,1291,215,NA
"1483",20474,3440,608,NA
"1484",20475,10175,1476,8122
"1485",20476,421,85,NA
"1486",20477,1327,202,NA
"1487",20478,1599,513,NA
"1488",20479,174,63,NA
"1489",20480,1351,229,NA
"1490",20481,1898,462,NA
"1491",20482,55840,6311,33726
"1492",20483,10886,1348,8273
"1493",20484,4458,717,NA
"1494",20485,3134,448,NA
"1495",20486,2419,402,NA
"1496",20487,1966,306,NA
"1497",20488,130,30,NA
"1498",20489,4909,620,NA
"1499",20490,2974,343,NA
"1500",20491,4930,370,NA
"1501",20492,2764,642,NA
"1502",20493,545,114,NA
"1503",20494,6300,782,NA
"1504",20495,3029,372,NA
"1505",20496,1893,294,NA
"1506",20497,4233,469,4233
"1507",20498,7593,957,NA
"1508",20499,1922,334,NA
"1509",20500,7991,1410,NA
"1510",20501,998,296,NA
"1511",20502,5089,794,NA
"1512",20503,425,94,NA
"1513",20504,1590,219,NA
"1514",20505,7681,1540,6130
"1515",20506,798,174,NA
"1516",20507,3155,494,2517
"1517",20508,1618,383,NA
"1518",20509,11384,913,NA
"1519",20510,760,148,NA
"1520",20511,3335,506,NA
"1521",20512,1101,175,NA
"1522",20513,9027,1258,5856
"1523",20514,941,115,NA
"1524",20515,67739,8915,50673
"1525",20516,5260,578,NA
"1526",20517,6029,719,NA
"1527",20518,113,28,NA
"1528",20519,3386,512,2991
"1529",20520,7393,1273,NA
"1530",20521,250,60,NA
"1531",20522,1205,254,NA
"1532",20523,1633,358,NA
"1533",20524,327,70,NA
"1534",20525,12483,2106,7900
"1535",20526,16688,1680,5876
"1536",20527,2490,300,NA
"1537",20528,904,241,NA
"1538",20529,1474,101,NA
"1539",20530,3923,426,NA
"1540",20531,2612,374,2612
"1541",20532,4066,717,NA
"1542",20533,2726,359,NA
"1543",20534,3512,572,3165
"1544",20535,3227,351,NA
"1545",20536,449,113,NA
"1546",20537,6710,1465,2911
"1547",20538,713,111,NA
"1548",20539,6348,765,4179
"1549",20540,8326,1045,6642
"1550",20541,1558,341,NA
"1551",20542,887,172,NA
"1552",20543,6386,698,5605
"1553",20544,1032,246,NA
"1554",20545,10099,1250,8469
"1555",20546,6392,1126,4858
"1556",20547,1005,230,NA
"1557",20548,1960,359,NA
"1558",20549,11465,2320,NA
"1559",20550,5764,959,3173
"1560",20551,30254,3365,21790
"1561",20552,410,116,NA
"1562",20553,12067,1486,11400
"1563",20554,5904,861,NA
"1564",20555,3419,518,NA
"1565",20556,306,66,NA
"1566",20557,14542,2516,13949
"1567",20558,1376,263,NA
"1568",20559,23067,3338,5812
"1569",20560,6467,1219,5990
"1570",20561,2954,347,2954
"1571",20562,1682,223,NA
"1572",20563,1245,291,NA
"1573",20564,1195,313,NA
"1574",20565,46464,4375,36381
"1575",20566,3144,456,NA
"1576",20567,3382,571,NA
"1577",20568,1695,328,NA
"1578",20569,1454,409,NA
"1579",20570,22093,3057,14226
"1580",21001,72894,6076,67167
"1581",21002,9170,1387,3651
"1582",21003,37955,5920,22292
"1583",21004,63743,4625,57177
"1584",21005,3070,472,NA
"1585",21006,14542,1841,2695
"1586",21007,3162,610,NA
"1587",21008,11439,1250,2633
"1588",21009,2207,478,NA
"1589",21010,74768,5466,37196
"1590",21011,1885,323,NA
"1591",21012,6591,1065,4147
"1592",21013,22629,1949,21307
"1593",21014,4812,781,NA
"1594",21015,125876,9245,114172
"1595",21016,9021,1147,NA
"1596",21017,29742,2263,15582
"1597",21018,3859,641,NA
"1598",21019,141793,18788,109399
"1599",21020,7704,709,7269
"1600",21021,1512,180,NA
"1601",21022,12857,1840,7244
"1602",21023,9051,903,3524
"1603",21024,976,266,NA
"1604",21025,8208,1010,3163
"1605",21026,15271,2179,13643
"1606",21027,4128,928,NA
"1607",21028,2758,298,NA
"1608",21029,3811,663,3387
"1609",21030,772,151,NA
"1610",21031,2820,489,NA
"1611",21032,1382,306,NA
"1612",21033,5403,689,NA
"1613",21034,46836,3944,41231
"1614",21035,20653,2678,11154
"1615",21036,14806,1631,NA
"1616",21037,2334,616,NA
"1617",21038,10542,743,8241
"1618",21039,9837,1234,NA
"1619",21040,12340,967,5915
"1620",21041,137435,10243,128586
"1621",21042,3315,695,NA
"1622",21043,49864,6383,9819
"1623",21044,17139,1927,6575
"1624",21045,47410,5653,28348
"1625",21046,8193,682,6536
"1626",21047,21699,3425,16495
"1627",21048,22039,2507,19611
"1628",21049,17382,1437,4075
"1629",21050,26928,2184,3163
"1630",21051,37030,5721,22164
"1631",21052,1215,266,NA
"1632",21053,66464,6909,28871
"1633",21054,35223,2475,23198
"1634",21055,5082,912,NA
"1635",21056,1317,361,NA
"1636",21057,6687,829,NA
"1637",21058,21002,1950,8885
"1638",21059,2846,571,NA
"1639",21060,7982,727,6552
"1640",21061,14461,1316,NA
"1641",21062,4943,753,NA
"1642",21063,14766,1660,8445
"1643",21064,17824,2865,4324
"1644",21065,22694,1998,20392
"1645",21066,6451,1332,NA
"1646",21067,18784,1974,11835
"1647",21068,7011,1124,NA
"1648",21069,29233,4094,6968
"1649",21070,6111,1198,NA
"1650",21071,103946,11414,75404
"1651",21072,17082,2839,NA
"1652",21073,9760,1482,8808
"1653",21074,90794,7521,74787
"1654",21075,13080,1111,7037
"1655",21076,27600,3493,5900
"1656",21077,5951,758,NA
"1657",21078,15928,1387,7762
"1658",21079,5782,639,2907
"1659",21080,2633,530,NA
"1660",21081,4065,745,NA
"1661",21082,8804,1141,5202
"1662",21083,25319,3823,NA
"1663",21084,6950,983,3230
"1664",21085,82809,10961,70102
"1665",21086,12050,1661,NA
"1666",21087,13308,1866,7760
"1667",21088,4457,761,NA
"1668",21089,12131,1776,3030
"1669",21090,23783,2175,19222
"1670",21091,9828,1427,7838
"1671",21092,5293,800,NA
"1672",21093,7650,1229,NA
"1673",21094,37257,3731,18110
"1674",21095,650,71,NA
"1675",21096,3176,376,NA
"1676",21097,2668,315,NA
"1677",21098,6668,1011,NA
"1678",21099,20659,2241,8600
"1679",21100,9310,1296,NA
"1680",21101,3317,593,NA
"1681",21102,14075,1257,13243
"1682",21103,6644,650,4538
"1683",21104,32772,2460,23002
"1684",21105,5077,836,NA
"1685",21106,42669,3540,33365
"1686",21107,11993,1942,NA
"1687",21108,19903,1798,11276
"1688",21109,20274,2670,6909
"1689",21110,50226,4187,40895
"1690",21111,18528,3245,2968
"1691",21112,9350,1725,2700
"1692",21113,4627,1078,NA
"1693",21114,1692181,214902,1641278
"1694",21115,57992,4492,48706
"1695",21116,22855,2159,NA
"1696",21117,15952,1488,15952
"1697",21118,30021,2470,27399
"1698",21119,154448,15372,152465
"1699",21120,5938,537,2638
"1700",21121,1270,191,NA
"1701",21122,11063,1243,10118
"1702",21123,3793,619,NA
"1703",21124,15954,1787,13687
"1704",21125,9671,1205,9125
"1705",21126,6597,678,2545
"1706",21127,3606,891,NA
"1707",21128,10443,977,6271
"1708",21129,14018,1694,8786
"1709",21130,3604,643,NA
"1710",21131,975,115,NA
"1711",21132,155738,16969,150271
"1712",21133,692,112,NA
"1713",21134,20974,2445,14716
"1714",21135,526,173,NA
"1715",21136,12461,1212,12060
"1716",21137,10464,929,6755
"1717",21138,11780,1620,9366
"1718",21139,3759,673,NA
"1719",21140,138433,16246,136779
"1720",21141,3488,696,NA
"1721",21142,30639,3163,25218
"1722",21143,34880,3194,32639
"1723",21144,16790,1338,14268
"1724",21145,13189,1655,NA
"1725",21146,749,182,NA
"1726",21147,6341,1166,4426
"1727",21148,11498,1065,6350
"1728",21149,30309,2230,24912
"1729",21150,6105,1030,NA
"1730",21151,9315,1000,9178
"1731",21152,12631,1705,6533
"1732",21153,23625,2416,13826
"1733",21154,80771,6648,62281
"1734",21155,6830,979,3706
"1735",21156,327312,31536,313867
"1736",21157,12672,2343,6644
"1737",21158,6743,1246,NA
"1738",21159,3836,1051,2751
"1739",21160,3689,598,NA
"1740",21161,22218,2019,18821
"1741",21162,4155,617,3298
"1742",21163,18854,1652,18374
"1743",21164,84270,7396,63030
"1744",21165,1216,166,NA
"1745",21166,8918,1350,5147
"1746",21167,10373,1280,NA
"1747",21168,7523,940,5519
"1748",21169,22331,2986,5703
"1749",21170,19200,2154,5561
"1750",21171,3851,408,2966
"1751",21172,27216,3589,5612
"1752",21173,6653,723,5156
"1753",21174,103583,11365,84220
"1754",21175,14432,1662,5782
"1755",21176,9664,1312,3048
"1756",21177,54757,4698,34453
"1757",21178,15977,2610,NA
"1758",21179,31639,3367,11555
"1759",21180,41547,4250,29576
"1760",21181,7425,728,7084
"1761",21182,5390,444,5164
"1762",21183,20433,2039,6209
"1763",21184,6422,801,NA
"1764",21185,10344,1273,3163
"1765",21186,55576,6516,21346
"1766",21187,4934,849,NA
"1767",21188,19315,2395,6943
"1768",21189,22454,2220,17344
"1769",21190,1187,299,NA
"1770",21191,9871,1676,6048
"1771",21192,5924,1006,NA
"1772",21193,6476,900,NA
"1773",21194,28395,3801,19416
"1774",21195,26559,2646,5868
"1775",21196,1570,353,NA
"1776",21197,80591,9145,51143
"1777",21198,1312,208,NA
"1778",21199,42943,3363,23970
"1779",21200,3443,628,NA
"1780",21201,3375,485,NA
"1781",21202,13025,1556,5721
"1782",21203,7178,797,5975
"1783",21204,7926,895,3968
"1784",21205,26392,2108,19705
"1785",21206,4647,720,NA
"1786",21207,57887,6269,32829
"1787",21208,87361,9584,50644
"1788",21209,8595,1274,3215
"1789",21210,5675,858,NA
"1790",21211,16752,1924,11487
"1791",21212,20717,2339,4597
"1792",21213,11967,1569,NA
"1793",21214,18359,1936,17918
"1794",21215,4539,726,4229
"1795",21216,2452,474,NA
"1796",21217,20335,2522,8746
"1797",22001,66841,6767,11585
"1798",22002,27365,3261,NA
"1799",22003,13142,2159,2671
"1800",22004,69075,7040,20973
"1801",22005,67121,5575,30127
"1802",22006,212567,23173,192192
"1803",22007,45141,4181,27607
"1804",22008,36808,3573,8095
"1805",22009,27343,3219,13950
"1806",22010,18794,2964,NA
"1807",22011,231668,15226,177073
"1808",22012,77404,6677,62445
"1809",22013,19141,2463,NA
"1810",22014,1049777,111790,1002636
"1811",22015,8359,894,NA
"1812",22016,297804,29971,247158
"1813",22017,72201,8455,60053
"1814",22018,27916,2834,13295
"1815",23001,88626,7818,84519
"1816",23002,83990,7946,47727
"1817",23003,22686,1670,19842
"1818",23004,233648,25741,186858
"1819",23005,911503,59313,908586
"1820",23006,39165,3935,16241
"1821",23007,29171,2779,8135
"1822",23008,333800,13105,327820
"1823",23009,46721,2221,33374
"1824",23010,41754,4265,17923
"1825",23011,26921,2259,26233
"1826",24001,18974,2567,5249
"1827",24002,7785,1395,NA
"1828",24003,48359,5755,3366
"1829",24004,4013,894,NA
"1830",24005,18317,3101,15341
"1831",24006,9579,1516,NA
"1832",24007,19840,2438,12807
"1833",24008,22075,3927,15692
"1834",24009,5050,651,NA
"1835",24010,30320,4651,13552
"1836",24011,48106,6427,36275
"1837",24012,20300,3026,2698
"1838",24013,179371,25169,136351
"1839",24014,15660,2923,NA
"1840",24015,21814,3200,14117
"1841",24016,40899,6321,34073
"1842",24017,25119,4321,NA
"1843",24018,15334,2132,NA
"1844",24019,5453,1337,NA
"1845",24020,102199,12207,86686
"1846",24021,58469,6674,3628
"1847",24022,19036,2749,5240
"1848",24023,15301,2977,6240
"1849",24024,97943,14675,58158
"1850",24025,31107,3434,18586
"1851",24026,9382,1386,NA
"1852",24027,10215,2028,7361
"1853",24028,911908,109783,874911
"1854",24029,18468,4063,2672
"1855",24030,4779,1307,NA
"1856",24031,12163,1494,NA
"1857",24032,39880,5200,14340
"1858",24033,10785,1863,NA
"1859",24034,14945,2275,6731
"1860",24035,332072,29188,319833
"1861",24036,29184,4472,12237
"1862",24037,95037,12714,30001
"1863",24038,14348,2711,NA
"1864",24039,13603,2090,3076
"1865",24040,36968,5395,20019
"1866",24041,18208,2519,NA
"1867",24042,13448,2193,9458
"1868",24043,7966,1404,4960
"1869",24044,7557,1013,NA
"1870",24045,14188,2459,6385
"1871",24046,18206,2049,6126
"1872",24047,9277,1710,NA
"1873",24048,5298,719,3701
"1874",24049,38389,4481,26280
"1875",24050,52912,4952,21707
"1876",24051,15458,2642,3087
"1877",24052,10304,2055,3488
"1878",24053,32544,4844,8045
"1879",24054,49741,7031,6644
"1880",24055,27386,2602,11425
"1881",24056,17258,1830,8464
"1882",24057,28996,3930,6735
"1883",24058,20959,2730,11061
"1884",25001,459310,59353,374888
"1885",25002,44093,7894,17792
"1886",25003,26542,3702,4194
"1887",25004,24899,4356,9864
"1888",25005,17012,2166,7888
"1889",25006,1003530,111713,887536
"1890",25007,29334,4594,10328
"1891",25008,55339,5469,27447
"1892",25009,59988,8139,46667
"1893",25010,96593,14920,38990
"1894",25011,289370,42538,187646
"1895",25012,501441,66475,474212
"1896",25013,40358,8244,12170
"1897",25014,52345,8332,21438
"1898",25015,79492,11584,70431
"1899",25016,19505,3558,8460
"1900",25017,78670,12735,14602
"1901",25018,149122,17747,91837
"1902",26001,2563,470,NA
"1903",26002,91929,8394,91029
"1904",26003,24976,4361,10961
"1905",26004,9492,968,8439
"1906",26005,1177,260,NA
"1907",26006,2788,648,NA
"1908",26007,626,145,NA
"1909",26008,979,254,NA
"1910",26009,759,216,NA
"1911",26010,1221,213,NA
"1912",26011,1475,343,NA
"1913",26012,23151,3398,14976
"1914",26013,1825,299,NA
"1915",26014,3191,686,NA
"1916",26015,1169,230,NA
"1917",26016,4988,812,4837
"1918",26017,89122,9730,72763
"1919",26018,436484,60963,405786
"1920",26019,39451,4753,38113
"1921",26020,4946,661,4483
"1922",26021,1848,415,NA
"1923",26022,863,163,NA
"1924",26023,5829,1149,2934
"1925",26024,753,170,NA
"1926",26025,51431,7067,38886
"1927",26026,61309,8983,31775
"1928",26027,9041,838,7240
"1929",26028,1009,233,NA
"1930",26029,156863,20719,136197
"1931",26030,936263,104402,908665
"1932",26031,1186,226,NA
"1933",26032,888,208,NA
"1934",26033,77682,12907,38963
"1935",26034,943,245,NA
"1936",26035,12536,1628,6924
"1937",26036,33049,3915,30429
"1938",26037,1101,297,NA
"1939",26038,5173,795,4787
"1940",26039,5774,623,5485
"1941",26040,1531,353,NA
"1942",26041,14369,1486,12987
"1943",26042,164387,23328,123594
"1944",26043,264782,21032,261137
"1945",26044,365,101,NA
"1946",26045,2438,539,NA
"1947",26046,496,106,NA
"1948",26047,9122,1240,7889
"1949",26048,62689,5892,62301
"1950",26049,3090,579,NA
"1951",26050,1496,408,NA
"1952",26051,4830,995,2927
"1953",26052,5257,1127,3600
"1954",26053,369,78,NA
"1955",26054,537,74,NA
"1956",26055,199021,22670,187273
"1957",26056,10729,775,9442
"1958",26057,1458,425,NA
"1959",26058,16203,2340,12372
"1960",26059,1835,225,NA
"1961",26060,2058,313,NA
"1962",26061,1368,314,NA
"1963",26062,1114,267,NA
"1964",26063,1178,321,NA
"1965",26064,1381,278,NA
"1966",26065,1473,319,NA
"1967",26066,8548,1987,3619
"1968",26067,1429,321,NA
"1969",26068,1043,299,NA
"1970",26069,4793,819,NA
"1971",26070,13627,1426,11440
"1972",26071,21692,3183,16098
"1973",26072,14279,1997,11126
"1974",27001,58524,7516,19614
"1975",27002,243229,24819,150976
"1976",27003,107731,10694,45351
"1977",27004,683607,78902,565522
"1978",27005,214877,22316,101093
"1979",27006,137257,13951,51113
"1980",27007,32181,4105,26114
"1981",27008,190885,18676,84736
"1982",27009,37749,4816,5001
"1983",27010,91185,9402,47595
"1984",27011,30798,3675,7387
"1985",27012,158601,16725,67582
"1986",27013,150300,12455,102065
"1987",27014,96741,10332,53391
"1988",27015,47905,5312,10805
"1989",27016,58718,6243,33220
"1990",27017,62310,7586,34946
"1991",28001,9822,1762,5255
"1992",28002,28725,4616,14334
"1993",28003,269790,24475,247400
"1994",28004,8850,1554,3488
"1995",28005,4256,942,NA
"1996",28006,7542,1270,NA
"1997",28007,16546,2575,9373
"1998",28008,4143,646,NA
"1999",28009,205933,35538,205933
"2000",28010,1671,344,NA
"2001",28011,8288,1427,NA
"2002",28012,41470,6041,27325
"2003",28013,15032,2439,NA
"2004",28014,3803,633,3451
"2005",28015,15677,2358,12067
"2006",28016,17012,3772,9415
"2007",28017,15994,2518,6286
"2008",28018,6375,1077,4368
"2009",28019,14645,3304,3679
"2010",28020,2048,555,NA
"2011",28021,106144,18962,82032
"2012",28022,541979,54690,516075
"2013",28023,4280,848,NA
"2014",28024,6385,1301,6061
"2015",28025,26237,4181,23006
"2016",28026,3704,636,NA
"2017",28027,425058,42464,423830
"2018",28028,3810,566,2758
"2019",28029,13190,2552,5456
"2020",28030,13618,2285,8613
"2021",28031,1917,373,NA
"2022",28032,704767,58098,691557
"2023",28033,132484,14910,121586
"2024",28034,7411,1778,NA
"2025",28035,51405,7470,33967
"2026",28036,926,127,NA
"2027",28037,23673,3386,11311
"2028",28038,297562,50998,297373
"2029",28039,28230,4466,10977
"2030",28040,60055,8464,54433
"2031",28041,349688,44810,332100
"2032",28042,5361,1212,NA
"2033",28043,22229,3804,10327
"2034",29001,11403,1380,10417
"2035",29002,16003,1926,14759
"2036",29003,7087,801,NA
"2037",29004,18111,2130,7232
"2038",29005,80725,10727,77753
"2039",29006,51172,5269,40824
"2040",29007,17332,1576,14004
"2041",29008,16222,1513,10070
"2042",29009,5928,707,3213
"2043",29010,73215,8629,68866
"2044",29011,4755,581,NA
"2045",29012,9416,1190,3119
"2046",29013,98764,9245,80585
"2047",29014,15190,1892,8726
"2048",29015,38970,4917,27289
"2049",29016,7504,1099,7436
"2050",29017,11592,1088,11580
"2051",29018,38579,4128,33324
"2052",29019,22274,2113,21763
"2053",29020,9432,1020,8407
"2054",29021,18686,2358,13401
"2055",29022,6432,588,NA
"2056",29023,26309,3123,12890
"2057",29024,28357,3768,17224
"2058",29025,82688,6081,81700
"2059",29026,24116,2434,22528
"2060",29027,12974,1657,12892
"2061",29028,25257,2384,24346
"2062",29029,13328,1574,6632
"2063",29030,15475,1571,9302
"2064",29031,35284,3389,31119
"2065",29032,13561,1720,8685
"2066",29033,99896,12810,97708
"2067",29034,45438,4810,29464
"2068",29035,6294,630,6230
"2069",29036,22529,2825,12937
"2070",29037,9207,1136,6926
"2071",29038,18006,1742,12628
"2072",29039,25607,2386,22625
"2073",29040,10601,1442,3217
"2074",29041,33499,3543,33279
"2075",29042,14197,1806,14197
"2076",29043,42242,4075,36186
"2077",29044,45717,5158,45587
"2078",29045,6211,603,6185
"2079",29046,4951,437,3364
"2080",29047,3534,337,3117
"2081",29048,19036,142,19036
"2082",29049,5884,776,5832
"2083",29050,11761,1339,11746
"2084",29051,4092,583,4061
"2085",29052,6436,786,6178
"2086",29053,7688,839,7679
"2087",29054,5689,743,5684
"2088",29055,3077,449,2892
"2089",29056,7952,914,7951
"2090",29057,4636,608,4624
"2091",29058,9463,1174,9458
"2092",29059,7750,695,5557
"2093",29060,5443,520,5443
"2094",30001,9701,1006,NA
"2095",30002,3441,398,3253
"2096",30003,80815,11095,55357
"2097",30004,41742,7957,7936
"2098",30005,5253,988,2761
"2099",30006,23100,2263,7773
"2100",30007,6538,1065,NA
"2101",30008,10338,1122,NA
"2102",30009,28184,5376,11904
"2103",30010,64234,6456,27623
"2104",30011,57035,9489,27081
"2105",30012,7866,1551,NA
"2106",30013,26843,4984,19272
"2107",30014,46955,6059,24157
"2108",30015,33839,6438,13225
"2109",30016,28682,4323,20165
"2110",30017,4709,875,NA
"2111",30018,1978,188,NA
"2112",30019,6909,573,NA
"2113",30020,11577,976,NA
"2114",30021,23461,3744,17108
"2115",30022,22651,2268,15370
"2116",30023,49180,6772,6699
"2117",30024,16485,1781,5686
"2118",30025,27217,2837,7379
"2119",30026,25993,2927,22760
"2120",30027,16120,3024,NA
"2121",30028,144550,27380,141999
"2122",30029,13701,1204,NA
"2123",30030,41835,6632,38263
"2124",30031,18888,2130,NA
"2125",30032,49451,6779,28655
"2126",30033,24421,3684,4773
"2127",30034,25011,4946,21318
"2128",30035,11165,2186,5070
"2129",30036,11018,1054,7977
"2130",30037,8176,984,5900
"2131",30038,93911,13596,72805
"2132",30039,310698,42412,301852
"2133",30040,55016,7493,37193
"2134",30041,2355,294,NA
"2135",30042,5743,1064,NA
"2136",30043,19876,2428,5178
"2137",30044,204721,28838,167459
"2138",30045,54737,9836,36795
"2139",30046,16167,2164,4768
"2140",30047,59471,5052,33237
"2141",30048,130903,15815,102380
"2142",30049,22050,3102,NA
"2143",30050,16333,2541,4561
"2144",30051,23096,3255,9113
"2145",30052,11869,1623,6727
"2146",30053,28075,3777,14304
"2147",30054,11461,2382,3855
"2148",30055,13527,2652,2799
"2149",30056,6610,1230,NA
"2150",30057,13881,1504,3500
"2151",30058,53858,11863,4823
"2152",30059,22638,2938,13974
"2153",30060,16283,2436,9170
"2154",30061,81080,9602,46909
"2155",30062,20839,2153,15105
"2156",30063,13359,2904,NA
"2157",30064,4008,546,NA
"2158",30065,85489,10318,49356
"2159",30066,26830,3936,6578
"2160",30067,19179,1445,15417
"2161",30068,66372,9041,44664
"2162",30069,24085,4688,13966
"2163",30070,18275,2477,4106
"2164",30071,59920,6637,33402
"2165",30072,21796,2813,6113
"2166",30073,41670,6482,12729
"2167",30074,7293,941,4270
"2168",30075,16525,3308,4654
"2169",30076,13377,1971,NA
"2170",30077,42807,5730,25608
"2171",30078,12379,2647,4169
"2172",30079,11387,1301,2692
"2173",30080,23132,2543,10017
"2174",30081,27295,2709,23396
"2175",30082,15831,1919,10432
"2176",30083,50836,9453,5708
"2177",30084,5574,1077,NA
"2178",30085,74004,8862,55910
"2179",30086,46794,4049,24113
"2180",30087,488531,71195,476589
"2181",30088,5054,912,3150
"2182",30089,38669,6395,31856
"2183",30090,11132,1727,4660
"2184",30091,28524,3967,10188
"2185",30092,39623,4715,29323
"2186",30093,16585,2205,8016
"2187",30094,38367,5816,19353
"2188",30095,15059,2841,2619
"2189",30096,1543,332,NA
"2190",30097,19123,4058,17727
"2191",30098,3299,297,NA
"2192",30099,18327,1915,13206
"2193",30100,23918,3855,6076
"2194",30101,38670,3841,21735
"2195",30102,108842,13786,85116
"2196",30103,12799,1385,5649
"2197",30104,17134,1792,8972
"2198",30105,95202,9513,70878
"2199",30106,4841,533,3667
"2200",30107,2934,282,NA
"2201",30108,144776,23296,105217
"2202",30109,65761,10290,30232
"2203",30110,12125,1100,NA
"2204",30111,16493,2296,8239
"2205",30112,22835,3083,9554
"2206",30113,4614,573,NA
"2207",30114,10130,2055,3311
"2208",30115,37314,5429,25389
"2209",30116,17027,2208,13995
"2210",30117,23773,3308,3715
"2211",30118,123182,23353,123097
"2212",30119,5651,992,5060
"2213",30120,10343,1111,10343
"2214",30121,22756,4262,4317
"2215",30122,18051,2031,10156
"2216",30123,96185,14475,56809
"2217",30124,159910,25074,65255
"2218",30125,31894,3904,14582
"2219",30126,33442,5631,12254
"2220",30127,28258,1664,4627
"2221",30128,77432,7045,61444
"2222",30129,18053,3549,11233
"2223",30130,39327,6219,16042
"2224",30131,189457,32363,185032
"2225",30132,20300,1819,9924
"2226",30133,57909,7409,52164
"2227",30134,23544,3726,6913
"2228",30135,24127,2021,20460
"2229",30136,8343,777,4837
"2230",30137,6308,552,NA
"2231",30138,41795,7242,41785
"2232",30139,6126,1241,3454
"2233",30140,3134,243,NA
"2234",30141,162428,22057,81748
"2235",30142,32631,4929,7547
"2236",30143,57085,9494,24758
"2237",30144,32400,4239,18280
"2238",30145,16574,1904,12926
"2239",30146,3925,376,NA
"2240",30147,24578,1827,4433
"2241",30148,28130,4364,13716
"2242",30149,34385,3045,20421
"2243",30150,11631,1932,5595
"2244",30151,21902,5062,4908
"2245",30152,11561,2453,2706
"2246",30153,5795,1181,NA
"2247",30154,11991,2656,NA
"2248",30155,99959,15427,33226
"2249",30156,6041,573,NA
"2250",30157,20145,3458,4716
"2251",30158,24551,4209,5432
"2252",30159,29686,1819,2740
"2253",30160,107270,16710,32972
"2254",30161,34408,6438,12494
"2255",30162,6448,820,NA
"2256",30163,5040,672,NA
"2257",30164,16957,2552,10581
"2258",30165,8925,1053,NA
"2259",30166,9405,1374,NA
"2260",30167,14619,2478,5597
"2261",30168,16343,1453,4487
"2262",30169,22709,3844,8862
"2263",30170,10824,1193,NA
"2264",30171,5575,611,NA
"2265",30172,19925,2988,8969
"2266",30173,54537,7435,9690
"2267",30174,95602,15086,49658
"2268",30175,92726,13168,44805
"2269",30176,4489,711,3965
"2270",30177,11685,948,NA
"2271",30178,12898,2685,7287
"2272",30179,4284,563,2503
"2273",30180,10900,1727,NA
"2274",30181,37795,6873,12702
"2275",30182,19664,1791,9725
"2276",30183,61377,7498,40923
"2277",30184,7933,724,NA
"2278",30185,5548,493,3977
"2279",30186,7197,1037,4415
"2280",30187,6105,541,NA
"2281",30188,17217,2209,4051
"2282",30189,154600,23364,118115
"2283",30190,2258,556,NA
"2284",30191,30097,5668,18659
"2285",30192,20204,3625,13504
"2286",30193,607209,87893,576766
"2287",30194,12492,957,7539
"2288",30195,5900,531,2790
"2289",30196,17902,2957,5681
"2290",30197,11205,2181,3151
"2291",30198,6788,1130,NA
"2292",30199,11899,1031,10459
"2293",30200,12581,1822,NA
"2294",30201,45028,5228,7455
"2295",30202,14644,1785,NA
"2296",30203,14524,2238,3794
"2297",30204,44104,6925,37464
"2298",30205,19402,3110,8913
"2299",30206,29209,4184,28076
"2300",30207,44978,6739,23234
"2301",30208,23376,4624,17919
"2302",30209,15044,1556,8611
"2303",30210,30891,3254,4258
"2304",30211,30351,4976,14550
"2305",30212,13062,1814,3353
"2306",31001,6550,838,2608
"2307",31002,16772,1769,11917
"2308",31003,12285,1124,12022
"2309",31004,6195,951,4997
"2310",31005,2167,335,NA
"2311",31006,9159,1341,7973
"2312",31007,7490,920,7460
"2313",31008,3949,701,2584
"2314",31009,4466,850,4065
"2315",31010,2755,317,NA
"2316",31011,8389,780,8366
"2317",31012,3736,756,3328
"2318",31013,16671,1982,13944
"2319",31014,1714,204,NA
"2320",31015,5560,621,4208
"2321",31016,3104,289,2860
"2322",31017,4686,598,NA
"2323",31018,3385,486,NA
"2324",31019,38934,3099,25663
"2325",31020,4497,567,4463
"2326",31021,9406,884,6540
"2327",31022,4363,449,3019
"2328",31023,4863,677,4847
"2329",31024,3244,459,3237
"2330",31025,6003,675,6001
"2331",31026,3622,638,3467
"2332",31027,8345,1474,7530
"2333",31028,2936,381,NA
"2334",31029,6240,1060,6169
"2335",31030,4015,547,3204
"2336",31031,2818,536,NA
"2337",31032,16779,1912,12320
"2338",31033,21255,2567,13868
"2339",31034,6514,868,4397
"2340",31035,6384,908,5151
"2341",31036,8090,917,6810
"2342",31037,5250,694,5194
"2343",31038,35137,3582,32224
"2344",31039,4186,482,4115
"2345",31040,28555,3805,21971
"2346",31041,141939,9451,139753
"2347",31042,5553,826,3573
"2348",31043,3405,303,2879
"2349",31044,7530,817,7190
"2350",31045,2677,391,NA
"2351",31046,3296,425,3189
"2352",31047,5968,748,4715
"2353",31048,23991,2715,13965
"2354",31049,3965,321,3956
"2355",31050,995129,139794,957399
"2356",31051,3430,511,NA
"2357",31052,37804,5088,26081
"2358",31053,13494,1797,12553
"2359",31054,2990,434,2590
"2360",31055,7080,779,5412
"2361",31056,33854,3499,26175
"2362",31057,7766,1209,5318
"2363",31058,25954,3198,21456
"2364",31059,66008,8680,64653
"2365",31060,976,168,NA
"2366",31061,3974,496,NA
"2367",31062,4962,591,3999
"2368",31063,5631,608,3352
"2369",31064,1701,260,NA
"2370",31065,2118,282,NA
"2371",31066,4220,481,3767
"2372",31067,10053,1236,9141
"2373",31068,3206,613,2586
"2374",31069,8967,1172,5758
"2375",31070,3971,672,3855
"2376",31071,1949,252,NA
"2377",31072,1857,398,NA
"2378",31073,5854,333,4963
"2379",31074,3774,653,3654
"2380",31075,6921,765,6890
"2381",31076,17939,2140,10017
"2382",31077,2683,389,2645
"2383",31078,3747,656,3143
"2384",31079,45062,4867,31788
"2385",31080,11020,1128,11015
"2386",31081,3355,451,2785
"2387",31082,3512,714,3496
"2388",31083,1915,283,NA
"2389",31084,7037,1120,6472
"2390",31085,16680,1829,10914
"2391",31086,2133,403,NA
"2392",31087,5464,580,4550
"2393",31088,1917,352,NA
"2394",31089,40495,4811,40376
"2395",31090,7503,777,4204
"2396",31091,12700,1326,6496
"2397",31092,7888,751,4174
"2398",31093,18420,2552,11904
"2399",31094,5444,544,2786
"2400",31095,5690,820,3723
"2401",31096,80672,9539,58684
"2402",31097,3684,592,3004
"2403",31098,15346,1665,10879
"2404",31099,4191,458,3460
"2405",31100,4049,497,3119
"2406",31101,69147,6038,56409
"2407",31102,85460,8745,70901
"2408",31103,3451,436,3447
"2409",31104,16350,1775,5919
"2410",31105,3293,399,3197
"2411",31106,2215,389,NA
"2412",32001,6260,1100,2608
"2413",32002,4942,776,NA
"2414",32003,2277,544,NA
"2415",32004,4493,697,2905
"2416",32005,45759,3864,44186
"2417",32006,8255,1262,6378
"2418",32007,12115,1911,6915
"2419",32008,13466,1542,9463
"2420",32009,10086,1755,3816
"2421",32010,240532,25529,174046
"2422",32011,3362,666,2721
"2423",32012,8168,1041,NA
"2424",32013,6644,779,4520
"2425",32014,20191,3137,5844
"2426",32015,1579,427,NA
"2427",32016,23526,2906,11223
"2428",32017,211740,17359,197346
"2429",32018,4547,952,NA
"2430",32019,25296,3810,15291
"2431",32020,59910,9957,46132
"2432",32021,4465,658,NA
"2433",32022,19749,2723,15045
"2434",32023,12251,2307,5836
"2435",32024,53709,5104,29251
"2436",32025,13184,1595,6983
"2437",32026,17774,2658,NA
"2438",32027,2736,365,NA
"2439",32028,2451,457,NA
"2440",32029,23713,2606,14815
"2441",32030,2446,532,NA
"2442",32031,8683,1895,4247
"2443",32032,13207,1494,11567
"2444",32033,4530,1032,NA
"2445",32034,27945,5261,16814
"2446",32035,16284,1859,2809
"2447",32036,44144,4795,22295
"2448",32037,17577,1807,8729
"2449",32038,72241,8766,8946
"2450",32039,64535,8177,40229
"2451",32040,21844,2805,5295
"2452",32041,2509,526,NA
"2453",32042,63665,8051,31849
"2454",32043,1365,276,NA
"2455",32044,16588,2398,8092
"2456",32045,8321,1490,4883
"2457",32046,6490,1634,NA
"2458",32047,5356,950,3461
"2459",32048,27302,3714,17882
"2460",32049,32461,5809,13577
"2461",32050,10276,1062,3621
"2462",32051,34623,4278,19639
"2463",32052,19525,2129,7011
"2464",32053,13208,1626,9209
"2465",32054,19446,2126,4851
"2466",32055,31558,5638,17551
"2467",32056,149607,18847,141197
"2468",32057,20455,1785,17021
"2469",32058,2767,530,NA
